,latitude,longitude,area_in_meters,confidence,geometry,full_plus_code
3662,-14.93839997,35.57849124,63.746,0.8238,"POLYGON((35.5785391 -14.938379, 35.5784746 -14.9383515, 35.5784434 -14.938421, 35.5785079 -14.9384484, 35.5785391 -14.938379))",5GQQ3H6H+J9X4
14926,-14.94598527,35.57256131,55.4043,0.7733,"POLYGON((35.5726039165072 -14.9460085089267, 35.5725837861485 -14.9459430961603, 35.5725187102699 -14.945962026687, 35.5725388406126 -14.9460274394619, 35.5726039165072 -14.9460085089267))",5GQQ3H3F+J23H
19834,-14.94277761,35.58180066,26.2981,0.7597,"POLYGON((35.5818191744771 -14.9428049756283, 35.581830021027 -14.9427615558132, 35.5817821455408 -14.9427502504601, 35.581771298981 -14.9427936702745, 35.5818191744771 -14.9428049756283))",5GQQ3H4J+VPMW
26433,-14.94994155,35.57994804,32.6695,0.7149,"POLYGON((35.5799772550992 -14.949917369842, 35.5799329084843 -14.9499072721808, 35.5799188254333 -14.9499657342223, 35.5799631720603 -14.9499758318843, 35.5799772550992 -14.949917369842))",5GQQ3H2H+2XG7
44979,-14.94477239,35.57225337,27.7926,0.7395,"POLYGON((35.5722731584962 -14.9448004912366, 35.5722771697853 -14.9447474136032, 35.5722335731608 -14.9447442991278, 35.5722295618604 -14.9447973767622, 35.5722731584962 -14.9448004912366))",5GQQ3H4C+3WR2
45264,-14.93763292,35.56481586,43.5756,0.8313,"POLYGON((35.5648352503039 -14.9376713846544, 35.564849097466 -14.9376047991079, 35.5647964691828 -14.9375944527272, 35.5647826220039 -14.9376610382731, 35.5648352503039 -14.9376713846544))",5GQQ3H67+WWWJ
51087,-14.95447706,35.5781947,53.2153,0.6915,"POLYGON((35.5782126558361 -14.9545239699549, 35.578227370051 -14.9544383756947, 35.5781767386358 -14.9544301488744, 35.5781620244006 -14.9545157431346, 35.5782126558361 -14.9545239699549))",5GQQ2HWH+674R
71807,-14.94097689,35.5674868,17.3066,0.6375,"POLYGON((35.5675027342988 -14.9409984484526, 35.5675084683415 -14.9409607511693, 35.5674708612021 -14.9409553436773, 35.5674651271529 -14.9409930409609, 35.5675027342988 -14.9409984484526))",5GQQ3H58+JX5W
106913,-14.95098009,35.56507782,29.7262,0.7031,"POLYGON((35.5651064957452 -14.9510012868765, 35.5650945201416 -14.9509490501646, 35.5650491371762 -14.95095888456, 35.5650611127702 -14.9510111212757, 35.5651064957452 -14.9510012868765))",5GQQ2HX8+J24M
115995,-14.93738588,35.56455887,39.4913,0.8115,"POLYGON((35.5645853431629 -14.9374166221741, 35.5645895046413 -14.9373590185344, 35.5645323999035 -14.9373551185764, 35.5645282384096 -14.9374127222174, 35.5645853431629 -14.9374166221741))",5GQQ3H77+2RVH
119799,-14.94441727,35.5727701,34.6518,0.7982,"POLYGON((35.5728005841888 -14.9444408474261, 35.5727884008794 -14.9443838427908, 35.5727396222864 -14.9443936975141, 35.5727518055844 -14.9444507021539, 35.5728005841888 -14.9444408474261))",5GQQ3H4F+64J8
132758,-14.94088775,35.57301554,12.3024,0.7213,"POLYGON((35.5730302442613 -14.9409064232894, 35.5730266500973 -14.9408668471986, 35.5730008305889 -14.940869063799, 35.5730044247483 -14.9409086398909, 35.5730302442613 -14.9409064232894))",5GQQ3H5F+J6RF
139876,-14.94616175,35.57392332,15.888,0.7098,"POLYGON((35.5739344144752 -14.9461856035886, 35.5739427921609 -14.9461436841335, 35.5739122194133 -14.9461379085448, 35.5739038417215 -14.9461798279994, 35.5739344144752 -14.9461856035886))",5GQQ3H3F+GHMG
154990,-14.94890687,35.58151917,56.0008,0.79,"POLYGON((35.5815660261039 -14.9488923525326, 35.5815005758643 -14.9488626098129, 35.581472315605 -14.9489213923746, 35.5815377658614 -14.9489511350999, 35.5815660261039 -14.9488923525326))",5GQQ3H2J+CJJP
165417,-14.94988661,35.57870093,15.6611,0.6481,"POLYGON((35.5787264739592 -14.9498803029252, 35.5786884107542 -14.9498640488619, 35.5786753668069 -14.9498929217531, 35.5787134300166 -14.9499091758179, 35.5787264739592 -14.9498803029252))",5GQQ3H2H+2FWF
184110,-14.94849912,35.57987789,33.8529,0.7795,"POLYGON((35.5799051482823 -14.948525388897, 35.5799007041651 -14.948469131495, 35.5798506266437 -14.9484728708053, 35.5798550707482 -14.9485291282102, 35.5799051482823 -14.948525388897))",5GQQ3H2H+JX22
187963,-14.93829202,35.57933268,24.5452,0.6618,"POLYGON((35.5793572381394 -14.9383127233849, 35.5793538026743 -14.9382679912957, 35.5793081262539 -14.9382713075144, 35.5793115617098 -14.9383160396058, 35.5793572381394 -14.9383127233849))",5GQQ3H6H+MPP8
193957,-14.94117941,35.56767187,14.0972,0.6602,"POLYGON((35.5676904035533 -14.941195188143, 35.5676880824319 -14.9411613544273, 35.567653359158 -14.9411636062897, 35.5676556802741 -14.9411974400066, 35.5676904035533 -14.941195188143))",5GQQ3H59+G3FV
196246,-14.93698073,35.57974051,9.2528,0.6467,"POLYGON((35.5797556532895 -14.9369933796835, 35.5797533954198 -14.9369659072483, 35.5797253818302 -14.9369680837593, 35.5797276396963 -14.9369955561953, 35.5797556532895 -14.9369933796835))",5GQQ3H7H+6V5P
209849,-14.93764956,35.5643812,27.6156,0.8043,"POLYGON((35.5644034972297 -14.9376751508543, 35.5644085024519 -14.9376290518271, 35.5643589107739 -14.9376239616957, 35.5643539055409 -14.9376700607234, 35.5644034972297 -14.9376751508543))",5GQQ3H67+WQR2
220596,-14.95179772,35.5794692,62.938,0.7817,"POLYGON((35.5795154 -14.9518211, 35.5794914 -14.9517519, 35.579423 -14.9517744, 35.579447 -14.9518435, 35.5795154 -14.9518211))",5GQQ2HXH+7QQ2
223340,-14.94935047,35.57918994,24.7805,0.6507,"POLYGON((35.5792241320686 -14.9493425235194, 35.5792001519887 -14.9493177647672, 35.5791557443364 -14.949358420308, 35.5791797244173 -14.9493831790649, 35.5792241320686 -14.9493425235194))",5GQQ3H2H+7M4R
223400,-14.94088065,35.57309817,14.0935,0.6298,"POLYGON((35.5731147541589 -14.9408991681063, 35.5731111599799 -14.9408595920191, 35.57308158124 -14.9408621313596, 35.5730851754138 -14.9409017074481, 35.5731147541589 -14.9408991681063))",5GQQ3H5F+J6XJ
237791,-14.95153374,35.56502273,18.333,0.706,"POLYGON((35.5650427873322 -14.9515533238537, 35.5650381239408 -14.9515105102736, 35.5650026757358 -14.9515141598743, 35.5650073391206 -14.9515569734562, 35.5650427873322 -14.9515533238537))",5GQQ2HX8+92JP
242184,-14.94107476,35.56787292,24.6366,0.7387,"POLYGON((35.5679008779789 -14.9410585104208, 35.5678555062232 -14.9410480028452, 35.567844968739 -14.941091015263, 35.567890340504 -14.9411015228393, 35.5679008779789 -14.9410585104208))",5GQQ3H59+H4H5
247485,-14.93778175,35.57952241,47.3918,0.802,"POLYGON((35.5795561234889 -14.9378111145199, 35.5795493313991 -14.9377463666499, 35.5794886938053 -14.9377523798648, 35.5794954858777 -14.9378171277394, 35.5795561234889 -14.9378111145199))",5GQQ3H6H+VRJP
254358,-14.94673508,35.5728385,27.8171,0.7464,"POLYGON((35.572865275476 -14.9467137167447, 35.5728150643172 -14.9467102910359, 35.5728117334639 -14.9467564393188, 35.5728619446331 -14.9467598650267, 35.572865275476 -14.9467137167447))",5GQQ3H3F+844H
280522,-14.94409165,35.58142897,46.5649,0.8113,"POLYGON((35.581466489528 -14.9440654065306, 35.5814166015533 -14.9440483538303, 35.5813914562651 -14.9441178916197, 35.5814413442558 -14.9441349443231, 35.581466489528 -14.9440654065306))",5GQQ3H4J+9H78
281997,-14.95445787,35.5656123,60.7103,0.7813,"POLYGON((35.5656495530514 -14.9544919390703, 35.5656457191727 -14.9544202260001, 35.5655750410635 -14.9544237974339, 35.5655788749188 -14.954495510509, 35.5656495530514 -14.9544919390703))",5GQQ2HW8+669P
313573,-14.95201257,35.5799991,39.4796,0.7898,"POLYGON((35.5800248791534 -14.9520438824073, 35.5800299417027 -14.9519859244561, 35.5799733273517 -14.9519812501974, 35.5799682647869 -14.9520392081498, 35.5800248791534 -14.9520438824073))",5GQQ2HXH+5XXH
317687,-14.94933712,35.57977397,57.8156,0.7965,"POLYGON((35.5798117879771 -14.9493689402892, 35.5798103630736 -14.9493037569342, 35.5797361476027 -14.9493052904183, 35.5797375724838 -14.9493704737779, 35.5798117879771 -14.9493689402892))",5GQQ3H2H+7W6H
320894,-14.94726006,35.57264416,27.2611,0.6855,"POLYGON((35.5726726228014 -14.947240599622, 35.5726177054706 -14.947238065666, 35.5726156816267 -14.947279526213, 35.5726705989685 -14.9472820601679, 35.5726726228014 -14.947240599622))",5GQQ3H3F+33RG
328966,-14.9377329,35.56474944,47.0735,0.8356,"POLYGON((35.5647869368445 -14.9377082041225, 35.5647301586588 -14.9376930584715, 35.5647119467642 -14.9377575995495, 35.5647687249677 -14.9377727452025, 35.5647869368445 -14.9377082041225))",5GQQ3H67+WV5Q
329438,-14.94402092,35.58145454,48.1555,0.8236,"POLYGON((35.581466489528 -14.9440654065306, 35.5814924936998 -14.9439934934629, 35.5814426057415 -14.943976440766, 35.5814166015533 -14.9440483538303, 35.581466489528 -14.9440654065306))",5GQQ3H4J+9HW4
344210,-14.93877835,35.56450751,20.0965,0.7138,"POLYGON((35.5645289860497 -14.938798124746, 35.5645308604814 -14.9387606937547, 35.5644860251392 -14.9387585712764, 35.5644841506995 -14.9387960022685, 35.5645289860497 -14.938798124746))",5GQQ3H67+FRJR
371166,-14.94977322,35.58176404,22.7904,0.6888,"POLYGON((35.5817953962565 -14.9497856855923, 35.5817912555504 -14.9497536119181, 35.5817326958899 -14.9497607579037, 35.5817368365878 -14.9497928315804, 35.5817953962565 -14.9497856855923))",5GQQ3H2J+3PR3
405425,-14.93864306,35.56473271,46.3636,0.8119,"POLYGON((35.5647780346249 -14.938639190698, 35.5647168593624 -14.9386015852355, 35.5646873873963 -14.9386469081566, 35.5647485626692 -14.9386845136256, 35.5647780346249 -14.938639190698))",5GQQ3H67+GVX7
416500,-14.93771417,35.57808755,21.7603,0.6363,"POLYGON((35.5781079363777 -14.9377377732329, 35.5781027917394 -14.9376871406067, 35.5780671650916 -14.9376905626593, 35.5780723097218 -14.9377411952877, 35.5781079363777 -14.9377377732329))",5GQQ3H6H+W68H
420268,-14.9547628,35.57861182,30.2693,0.6654,"POLYGON((35.5786352687834 -14.954790085614, 35.5786444639265 -14.9547467503271, 35.5785883779395 -14.9547355019614, 35.5785791827848 -14.9547788372479, 35.5786352687834 -14.954790085614))",5GQQ2HWH+3CXG
430344,-14.94117794,35.56816481,44.5034,0.7894,"POLYGON((35.5682060036738 -14.9411635284482, 35.568148833381 -14.9411383129386, 35.5681236194001 -14.9411923532155, 35.5681807897064 -14.9412175687296, 35.5682060036738 -14.9411635284482))",5GQQ3H59+G7FV
435071,-14.93741056,35.56488841,37.4495,0.7341,"POLYGON((35.5649088590683 -14.9374448529014, 35.5649176458811 -14.937382915546, 35.564867979092 -14.9373762546263, 35.564859192265 -14.9374381919813, 35.5649088590683 -14.9374448529014))",5GQQ3H77+2XJF
439761,-14.94509255,35.57185037,44.0278,0.8246,"POLYGON((35.5718811310883 -14.9451226458641, 35.5718781179509 -14.9450597919118, 35.5718196085436 -14.9450624432685, 35.5718226216642 -14.9451252972243, 35.5718811310883 -14.9451226458641))",5GQQ3H3C+XP96
450895,-14.93913878,35.58094421,24.5664,0.7149,"POLYGON((35.5809635896768 -14.9391641998501, 35.5809693468046 -14.9391186864116, 35.5809248381858 -14.9391133641932, 35.5809190810484 -14.9391588776318, 35.5809635896768 -14.9391641998501))",5GQQ3H6J+89WC
470723,-14.95093467,35.57983457,13.2056,0.6998,"POLYGON((35.5798514768205 -14.9509512738124, 35.579854287274 -14.950921343849, 35.5798176575763 -14.9509180926943, 35.5798148471176 -14.950948022658, 35.5798514768205 -14.9509512738124))",5GQQ2HXH+JWGP
510504,-14.9421371,35.581381,28.7041,0.7878,"POLYGON((35.5814030524434 -14.9421651008368, 35.5814004998928 -14.9421073595613, 35.5813589640587 -14.9421090952803, 35.5813615165984 -14.9421668365582, 35.5814030524434 -14.9421651008368))",5GQQ3H5J+4HRC
564221,-14.95044753,35.56453204,16.864,0.6556,"POLYGON((35.5645537049606 -14.9504632755561, 35.5645454761605 -14.9504247071638, 35.5645103834417 -14.9504317842979, 35.5645186122363 -14.9504703526924, 35.5645537049606 -14.9504632755561))",5GQQ2HX7+RRF2
571032,-14.95267157,35.57995777,14.4993,0.6327,"POLYGON((35.5799741301388 -14.9526899589732, 35.5799773974302 -14.9526565030598, 35.5799414420063 -14.9526531840669, 35.5799381747091 -14.9526866399806, 35.5799741301388 -14.9526899589732))",5GQQ2HWH+WXP4
592732,-14.94101874,35.56802101,21.2333,0.7149,"POLYGON((35.5680481343767 -14.9410057483834, 35.5680071923861 -14.9409925983281, 35.5679938935018 -14.9410317392202, 35.5680348354997 -14.941044889277, 35.5680481343767 -14.9410057483834))",5GQQ3H59+H6R8
595064,-14.94384679,35.57223802,40.0779,0.7859,"POLYGON((35.5722678004866 -14.9438751403925, 35.5722635840789 -14.9438147909332, 35.5722082487085 -14.9438184454821, 35.5722124651012 -14.9438787949448, 35.5722678004866 -14.9438751403925))",5GQQ3H4C+FV94
601000,-14.94442956,35.57175052,13.6497,0.6797,"POLYGON((35.5717678150994 -14.9444461473027, 35.5717658712845 -14.9444112401695, 35.5717332343726 -14.944412958115, 35.5717351781824 -14.9444478652493, 35.5717678150994 -14.9444461473027))",5GQQ3H4C+6PCR
658696,-14.94867798,35.57906694,15.584,0.6924,"POLYGON((35.5790846747477 -14.9486593019873, 35.5790447003785 -14.9486646066987, 35.5790491981501 -14.9486966443296, 35.5790891725249 -14.9486913396168, 35.5790846747477 -14.9486593019873))",5GQQ3H2H+GJGR
696560,-14.93923658,35.57887909,39.0123,0.7388,"POLYGON((35.5789074273901 -14.9392659034696, 35.5789030735213 -14.9392037901285, 35.5788507416675 -14.9392072577943, 35.5788550955217 -14.9392693711388, 35.5789074273901 -14.9392659034696))",5GQQ3H6H+8H2C
733501,-14.94488156,35.57186485,16.108,0.6321,"POLYGON((35.5718863775485 -14.9448963517098, 35.5718787970921 -14.9448598230912, 35.5718433278293 -14.9448667809002, 35.5718509082798 -14.9449033095209, 35.5718863775485 -14.9448963517098))",5GQQ3H4C+2PXP
742836,-14.95482438,35.56874777,21.4812,0.757,"POLYGON((35.5687718547439 -14.9548435320644, 35.5687736850508 -14.9548076453461, 35.5687236987284 -14.9548052356618, 35.5687218684131 -14.954841122381, 35.5687718547439 -14.9548435320644))",5GQQ2HW9+3FH5
776559,-14.95458943,35.58085615,46.1464,0.8087,"POLYGON((35.5808888247208 -14.9546193529654, 35.5808810709224 -14.9545531410518, 35.5808234737955 -14.9545595163023, 35.5808312275771 -14.9546257282204, 35.5808888247208 -14.9546193529654))",5GQQ2HWJ+589F
780714,-14.94945863,35.58129819,38.5036,0.7665,"POLYGON((35.5813153186259 -14.94949488501, 35.5813318540292 -14.9494358034136, 35.5812810601971 -14.9494223660696, 35.58126452478 -14.9494814476649, 35.5813153186259 -14.94949488501))",5GQQ3H2J+6G7P
825674,-14.94851563,35.58128866,22.0083,0.6957,"POLYGON((35.5812971732665 -14.9485448176006, 35.5813159077166 -14.9485008442423, 35.5812801468675 -14.9484864429063, 35.5812614124104 -14.9485304162626, 35.5812971732665 -14.9485448176006))",5GQQ3H2J+HGV6
866209,-14.94672651,35.57231345,26.9823,0.7534,"POLYGON((35.5723383967567 -14.9467496751804, 35.5723313535563 -14.9466978504204, 35.5722885183352 -14.9467033532271, 35.572295561526 -14.94675517799, 35.5723383967567 -14.9467496751804))",5GQQ3H3C+8W4R
888815,-14.94165482,35.57989351,22.7945,0.6964,"POLYGON((35.5799213762256 -14.941640502219, 35.5798746923607 -14.9416302507697, 35.5798656585826 -14.9416691393798, 35.5799123424561 -14.9416793908297, 35.5799213762256 -14.941640502219))",5GQQ3H5H+8XJW
899519,-14.95279481,35.57938836,35.1816,0.7999,"POLYGON((35.5794194215846 -14.9527708096851, 35.5793730632146 -14.9527592207324, 35.5793573030049 -14.9528188105173, 35.5794036613881 -14.9528303994711, 35.5794194215846 -14.9527708096851))",5GQQ2HWH+VQJ7
910535,-14.94117582,35.56777948,22.1226,0.7013,"POLYGON((35.5678049664855 -14.9411928861779, 35.5677996881461 -14.941153021498, 35.5677539924921 -14.9411587409859, 35.5677592708235 -14.9411986056679, 35.5678049664855 -14.9411928861779))",5GQQ3H59+G4CX
918085,-14.94173695,35.58138304,11.8657,0.6132,"POLYGON((35.5813994943647 -14.9417526117301, 35.5814029779166 -14.9417257442463, 35.5813665874445 -14.9417212840435, 35.581363103888 -14.9417481515274, 35.5813994943647 -14.9417526117301))",5GQQ3H5J+8H2F
926002,-14.94158792,35.56796449,9.6333,0.6095,"POLYGON((35.5679789009333 -14.941602213575, 35.5679759615536 -14.9415712996182, 35.5679500978143 -14.9415736243028, 35.5679530371906 -14.9416045382604, 35.5679789009333 -14.941602213575))",5GQQ3H59+958H
955352,-14.94419612,35.58138227,37.1641,0.7883,"POLYGON((35.5814152721548 -14.9441730904527, 35.5813673592604 -14.9441593827299, 35.5813492738298 -14.9442191381151, 35.5813971867377 -14.9442328458397, 35.5814152721548 -14.9441730904527))",5GQQ3H4J+8HC2
958103,-14.95110575,35.57977877,33.3288,0.8063,"POLYGON((35.5798057901502 -14.9511317383561, 35.5798022155215 -14.9510766644632, 35.5797517570895 -14.9510797601065, 35.5797553317056 -14.9511348340023, 35.5798057901502 -14.9511317383561))",5GQQ2HXH+HW2Q
990941,-14.95181048,35.57987758,22.145,0.7808,"POLYGON((35.5798996862384 -14.9518315583449, 35.5799014788502 -14.951791337427, 35.5798554746982 -14.951789399388, 35.5798536820779 -14.9518296203068, 35.5798996862384 -14.9518315583449))",5GQQ2HXH+7XCC
1009268,-14.95146702,35.57933575,17.8912,0.6808,"POLYGON((35.5793557329015 -14.9514861854925, 35.5793592538844 -14.9514520926243, 35.579315762285 -14.9514478470379, 35.5793122412951 -14.9514819399065, 35.5793557329015 -14.9514861854925))",5GQQ2HXH+CP88
1023025,-14.94992182,35.57959486,10.0075,0.6283,"POLYGON((35.5796106556863 -14.9499085108672, 35.5795787335207 -14.9499088715833, 35.5795790472041 -14.9499351112537, 35.5796109693736 -14.9499347505369, 35.5796106556863 -14.9499085108672))",5GQQ3H2H+2RQ2
1028741,-14.94450814,35.5722562,46.7057,0.796,"POLYGON((35.5722745857092 -14.9445408416703, 35.5722740175627 -14.9445148831842, 35.5722975524773 -14.9445143962678, 35.5722967919704 -14.9444796490047, 35.5722223533965 -14.9444811890619, 35.5722236820318 -14.9445418948145, 35.5722745857092 -14.9445408416703))",5GQQ3H4C+5WRJ
1032084,-14.95446834,35.57788537,37.818,0.8074,"POLYGON((35.5779219181862 -14.9544501085895, 35.5778768823065 -14.9544292654087, 35.5778488208974 -14.9544865744548, 35.5778938567883 -14.9545074176396, 35.5779219181862 -14.9544501085895))",5GQQ2HWH+6567
1042665,-14.94639924,35.57313776,31.03,0.7753,"POLYGON((35.573166857489 -14.9464208510895, 35.5731623584168 -14.9463728814131, 35.5731086559201 -14.9463776424573, 35.5731131549808 -14.9464256121365, 35.573166857489 -14.9464208510895))",5GQQ3H3F+C7R3
1051839,-14.94942754,35.58179065,50.0026,0.8066,"POLYGON((35.5818242 -14.9494588, 35.5818224 -14.9494287, 35.5818204 -14.9493928, 35.5817571 -14.9493963, 35.581761 -14.9494623, 35.5818242 -14.9494588))",5GQQ3H2J+6PFV
1052968,-14.95474753,35.56581626,46.7747,0.7473,"POLYGON((35.5658455596637 -14.9547144630556, 35.5657834815493 -14.954717713041, 35.5657869651777 -14.9547806068477, 35.5658490433099 -14.9547773568587, 35.5658455596637 -14.9547144630556))",5GQQ2HW8+4842
1064236,-14.95456371,35.57844356,32.4464,0.7952,"POLYGON((35.5784741478756 -14.9545850712144, 35.5784704285435 -14.9545380672667, 35.5784129822395 -14.9545423637254, 35.5784167015595 -14.954589367676, 35.5784741478756 -14.9545850712144))",5GQQ2HWH+59GC
1101295,-14.94090376,35.56773471,39.5334,0.7852,"POLYGON((35.5677689133401 -14.9408812790079, 35.5677096861013 -14.940871839083, 35.5677005119944 -14.9409262506414, 35.5677597392485 -14.9409356905662, 35.5677689133401 -14.9408812790079))",5GQQ3H59+J3QW
1124663,-14.93799842,35.56497307,80.3904,0.7232,"POLYGON((35.5650283863557 -14.9380192851101, 35.5649840104373 -14.9379417290186, 35.5649177514994 -14.9379775685534, 35.5649621274062 -14.9380551246611, 35.5650283863557 -14.9380192851101))",5GQQ3H67+RX52
1124829,-14.94278812,35.58249951,15.3777,0.7336,"POLYGON((35.5825191123265 -14.9428049115575, 35.5825210407528 -14.9427737218892, 35.5824799180261 -14.9427713184011, 35.5824779895938 -14.94280250807, 35.5825191123265 -14.9428049115575))",5GQQ3H4J+VXQH
1142385,-14.94444335,35.58059045,51.8086,0.7682,"POLYGON((35.5806317345191 -14.9444187238724, 35.580579210527 -14.9443975370134, 35.5805491504904 -14.9444679804863, 35.5806016744997 -14.9444891673499, 35.5806317345191 -14.9444187238724))",5GQQ3H4J+66G9
1153816,-14.94649094,35.57305329,57.4111,0.8045,"POLYGON((35.5730857098664 -14.9465287688285, 35.5730821050485 -14.9464504504744, 35.5730208643864 -14.9464531149391, 35.5730244691832 -14.9465314332975, 35.5730857098664 -14.9465287688285))",5GQQ3H3F+C638
1155996,-14.94133106,35.56804087,41.3538,0.8375,"POLYGON((35.5680701594583 -14.9413608772808, 35.5680753610562 -14.9413070754807, 35.568011584052 -14.9413012466984, 35.5680063824378 -14.9413550484996, 35.5680701594583 -14.9413608772808))",5GQQ3H59+F67M
1172844,-14.9493176,35.58177439,40.4954,0.8433,"POLYGON((35.5818026290927 -14.949348327728, 35.5817982450486 -14.9492835320786, 35.5817461535352 -14.9492868635445, 35.581750537564 -14.9493516591974, 35.5818026290927 -14.949348327728))",5GQQ3H2J+7PC9
1176240,-14.94607703,35.5739161,12.9407,0.6689,"POLYGON((35.5739334704821 -14.9460926027993, 35.5739309368622 -14.9460591590371, 35.5738987211638 -14.9460614660337, 35.5739012547788 -14.9460949097968, 35.5739334704821 -14.9460926027993))",5GQQ3H3F+HH7V
1177190,-14.93916661,35.57299299,20.0318,0.6039,"POLYGON((35.5730175678284 -14.9391825970573, 35.5730132598102 -14.9391456861507, 35.5729684091435 -14.9391506346458, 35.5729727171546 -14.9391875455543, 35.5730175678284 -14.9391825970573))",5GQQ3H6F+85Q9
1206627,-14.94122442,35.56765801,14.8819,0.7341,"POLYGON((35.5676762638253 -14.9412417578327, 35.5676788251083 -14.9412100689294, 35.5676397552303 -14.9412070837775, 35.567637193941 -14.9412387726816, 35.5676762638253 -14.9412417578327))",5GQQ3H59+G372
1209006,-14.93799412,35.57833769,41.6825,0.7588,"POLYGON((35.5783620992822 -14.9380277812869, 35.578371586494 -14.9379694061772, 35.5783132722329 -14.9379604469049, 35.5783037850048 -14.9380188220145, 35.5783620992822 -14.9380277812869))",5GQQ3H6H+R849
1246882,-14.95002111,35.58108125,12.959,0.6436,"POLYGON((35.5810993617456 -14.9500374149355, 35.5810893480984 -14.9499984425758, 35.5810631476504 -14.9500048058633, 35.5810731612935 -14.9500437782248, 35.5810993617456 -14.9500374149355))",5GQQ2HXJ+XCW4
1247151,-14.93728827,35.56511838,18.5661,0.7687,"POLYGON((35.5651455184296 -14.9372962610574, 35.5651294308178 -14.9372628900735, 35.5650912490481 -14.9372802908272, 35.5651073366561 -14.9373136618144, 35.5651455184296 -14.9372962610574))",5GQQ3H78+32QH
1267081,-14.94285066,35.58192239,30.0792,0.7698,"POLYGON((35.581955621697 -14.9428369190668, 35.5819045347853 -14.9428201548839, 35.5818891751827 -14.9428644008672, 35.5819402621048 -14.9428811650519, 35.581955621697 -14.9428369190668))",5GQQ3H4J+VQ3W
1268148,-14.95184593,35.56526424,36.8504,0.8401,"POLYGON((35.5652943859896 -14.9518713885073, 35.5652872766927 -14.9518142221617, 35.5652340920347 -14.9518204739171, 35.5652412013182 -14.9518776402665, 35.5652943859896 -14.9518713885073))",5GQQ2HX8+7463
1270722,-14.94586381,35.57373963,67.8422,0.7552,"POLYGON((35.5737855 -14.945892, 35.5737629 -14.9458162, 35.5736938 -14.9458356, 35.5737163 -14.9459114, 35.5737855 -14.945892))",5GQQ3H3F+MF5G
1270810,-14.95281205,35.5655388,36.6712,0.7728,"POLYGON((35.5655702320409 -14.9528356801429, 35.5655624566223 -14.9527810083147, 35.565507359882 -14.9527884147899, 35.5655151352873 -14.9528430866223, 35.5655702320409 -14.9528356801429))",5GQQ2HW8+V6FC
1274808,-14.93751695,35.56445206,26.5573,0.7545,"POLYGON((35.5644740981734 -14.9375418838991, 35.564476942396 -14.937494677193, 35.5644300123491 -14.9374920041844, 35.5644271681164 -14.9375392108914, 35.5644740981734 -14.9375418838991))",5GQQ3H67+XQW7
1289057,-14.94149448,35.57982313,25.262,0.6887,"POLYGON((35.5798559546441 -14.9414911910971, 35.5798182899528 -14.9414627432631, 35.5797903142915 -14.9414977569472, 35.5798279789863 -14.9415262047857, 35.5798559546441 -14.9414911910971))",5GQQ3H5H+CW47
1291557,-14.93982383,35.5731418,48.906,0.7495,"POLYGON((35.5731693164867 -14.9397851300871, 35.5731180752302 -14.939782813713, 35.5731142630118 -14.9398625337003, 35.5731655042874 -14.9398648500716, 35.5731693164867 -14.9397851300871))",5GQQ3H6F+37C4
1325734,-14.94924804,35.58132487,26.7048,0.7767,"POLYGON((35.5813546417242 -14.9492319622942, 35.581304543543 -14.9492214740991, 35.5812950985288 -14.9492641187093, 35.5813451967202 -14.949274606905, 35.5813546417242 -14.9492319622942))",5GQQ3H2J+8G43
1326016,-14.9499543,35.58085058,38.72,0.8289,"POLYGON((35.5808882125812 -14.9499700596986, 35.5808711057548 -14.9499198295956, 35.5808129523677 -14.9499385501128, 35.5808300591834 -14.949988780222, 35.5808882125812 -14.9499700596986))",5GQQ3H2J+289R
1338304,-14.94513542,35.57244051,8.3732,0.6073,"POLYGON((35.5724536064328 -14.9451488159926, 35.5724532835128 -14.9451217196706, 35.5724274195909 -14.9451220110332, 35.5724277425076 -14.9451491073557, 35.5724536064328 -14.9451488159926))",5GQQ3H3C+WXWC
1339237,-14.94479855,35.57183444,36.6352,0.8022,"POLYGON((35.5718727837092 -14.9448098224591, 35.5718529282998 -14.9447639990306, 35.5717960912639 -14.9447872789412, 35.571815946665 -14.9448331023761, 35.5718727837092 -14.9448098224591))",5GQQ3H4C+3PP4
1342826,-14.94526824,35.57309719,25.6633,0.7227,"POLYGON((35.5731163884509 -14.9452984924543, 35.5731120952618 -14.9452357795084, 35.5730779909075 -14.9452379864398, 35.5730822840869 -14.945300699388, 35.5731163884509 -14.9452984924543))",5GQQ3H3F+V6X6
1382430,-14.94377649,35.58121372,48.2498,0.8283,"POLYGON((35.5812537582924 -14.9437552450646, 35.5811944049318 -14.9437363088337, 35.5811736704973 -14.9437977425464, 35.5812330238748 -14.9438166787804, 35.5812537582924 -14.9437552450646))",5GQQ3H4J+FFPX
1395760,-14.94878724,35.58125175,17.5173,0.742,"POLYGON((35.5812675481653 -14.9488090866468, 35.5812744684036 -14.948772233901, 35.5812359615059 -14.9487653989972, 35.5812290412609 -14.9488022517429, 35.5812675481653 -14.9488090866468))",5GQQ3H2J+FGJC
1397446,-14.95073865,35.57977988,86.104,0.6586,"POLYGON((35.5798290770004 -14.9507026953176, 35.579733579328 -14.9506992353664, 35.5797306902586 -14.9507746078787, 35.5798261879649 -14.9507780678261, 35.5798290770004 -14.9507026953176))",5GQQ2HXH+PW2H
1414362,-14.94994449,35.57860758,31.3333,0.8007,"POLYGON((35.5786417991419 -14.9499310725054, 35.5785892828828 -14.9499133283922, 35.5785733534653 -14.9499578916488, 35.5786258697351 -14.9499756357645, 35.5786417991419 -14.9499310725054))",5GQQ3H2H+2CH7
1416561,-14.94465164,35.57218942,48.0088,0.6922,"POLYGON((35.5722145028525 -14.9446885482198, 35.5722257222424 -14.9446249552426, 35.5721643331758 -14.944614717342, 35.5721531137679 -14.9446783103192, 35.5722145028525 -14.9446885482198))",5GQQ3H4C+4VPR
1416576,-14.94566624,35.5740256,31.0183,0.6234,"POLYGON((35.5740509274812 -14.9456924825291, 35.5740462365738 -14.9456363598145, 35.5740002749139 -14.9456399911673, 35.5740049658094 -14.9456961138847, 35.5740509274812 -14.9456924825291))",5GQQ3H3F+PJJ9
1425520,-14.9413664,35.58139676,60.5564,0.8353,"POLYGON((35.5814358869598 -14.9413989215575, 35.5814226642691 -14.941323143773, 35.5813576422789 -14.9413338691011, 35.5813708649487 -14.9414096468928, 35.5814358869598 -14.9413989215575))",5GQQ3H5J+FH28
1435698,-14.95366537,35.56521718,15.2249,0.6998,"POLYGON((35.5652362878079 -14.9536824354978, 35.5652385909166 -14.9536511335494, 35.5651980814514 -14.9536483163173, 35.5651957783368 -14.9536796182662, 35.5652362878079 -14.9536824354978))",5GQQ2HW8+G3P9
1439736,-14.9501605,35.57842007,19.6768,0.715,"POLYGON((35.5784413695123 -14.9501797998034, 35.5784390856475 -14.9501390571544, 35.5783987768054 -14.9501411929387, 35.5784010606627 -14.9501819355893, 35.5784413695123 -14.9501797998034))",5GQQ2HXH+W9MF
1455582,-14.95325084,35.56451437,14.8958,0.6242,"POLYGON((35.5645378448421 -14.9532606945016, 35.564528938238 -14.953230398391, 35.5644908875484 -14.953240971721, 35.5644997941482 -14.9532712678339, 35.5645378448421 -14.9532606945016))",5GQQ2HW7+MRRV
1483528,-14.94171021,35.56762546,42.505,0.8238,"POLYGON((35.5676611406555 -14.9417346131519, 35.5676594018929 -14.94168356572, 35.5675897782739 -14.9416858074954, 35.5675915170202 -14.9417368549303, 35.5676611406555 -14.9417346131519))",5GQQ3H59+836C
1494806,-14.9437518,35.57215793,22.5674,0.7344,"POLYGON((35.5721835913824 -14.9437690138515, 35.5721764511592 -14.9437274055074, 35.572132279092 -14.9437345709306, 35.5721394193073 -14.9437761792773, 35.5721835913824 -14.9437690138515))",5GQQ3H4C+FVVR
1516107,-14.94898312,35.58174719,22.2463,0.7184,"POLYGON((35.5817772209936 -14.9489750384005, 35.5817339739774 -14.9489556776336, 35.5817171474239 -14.9489912055956, 35.5817603944469 -14.9490105663647, 35.5817772209936 -14.9489750384005))",5GQQ3H2J+CM5Q
1542577,-14.94139885,35.58013304,24.0733,0.6542,"POLYGON((35.580162487203 -14.9414151222798, 35.5801607903773 -14.9413799679858, 35.5801035941514 -14.941382577728, 35.5801052909668 -14.941417732024, 35.580162487203 -14.9414151222798))",5GQQ3H5J+C3R3
1549079,-14.94825101,35.57984888,23.5489,0.6261,"POLYGON((35.579870681054 -14.9482737457453, 35.5798691422191 -14.9482269589886, 35.579827051785 -14.9482282675546, 35.5798285906109 -14.948275054313, 35.579870681054 -14.9482737457453))",5GQQ3H2H+MWXR
1551943,-14.95162895,35.56439367,20.658,0.6701,"POLYGON((35.5644173955655 -14.9516474236316, 35.564405528125 -14.9516017366149, 35.564369945955 -14.9516104729102, 35.5643818133889 -14.9516561599298, 35.5644173955655 -14.9516474236316))",5GQQ2HX7+8QRW
1569357,-14.94681732,35.57264439,19.2497,0.6769,"POLYGON((35.5726717571545 -14.9468083781271, 35.5726323449985 -14.9467918129395, 35.5726170278961 -14.9468262606899, 35.5726564400579 -14.9468428258793, 35.5726717571545 -14.9468083781271))",5GQQ3H3F+73C8
1571445,-14.93797063,35.57907953,49.6379,0.7784,"POLYGON((35.5791063920644 -14.9380075272373, 35.5791129300599 -14.937939176415, 35.5790526618418 -14.937933726663, 35.5790461238268 -14.9380020774867, 35.5791063920644 -14.9380075272373))",5GQQ3H6H+RJ84
1574086,-14.93789711,35.5781223,19.0357,0.7399,"POLYGON((35.5781467479828 -14.9378823364341, 35.5781036691568 -14.9378757716518, 35.5780978495321 -14.9379118731573, 35.5781409283653 -14.9379184379395, 35.5781467479828 -14.9378823364341))",5GQQ3H6H+R6X5
1595338,-14.94494514,35.57304116,47.2911,0.8268,"POLYGON((35.5730783426254 -14.94497091989, 35.5730590501841 -14.9449042975195, 35.5730039943635 -14.9449193680411, 35.5730232867907 -14.9449859904188, 35.5730783426254 -14.94497091989))",5GQQ3H4F+26F3
1600209,-14.93980882,35.58040044,57.4753,0.7642,"POLYGON((35.5804376782939 -14.9397765876061, 35.5803710174443 -14.9397696874307, 35.5803632031559 -14.939841051367, 35.580429864029 -14.9398479515414, 35.5804376782939 -14.9397765876061))",5GQQ3H6J+35CQ
1611942,-14.94282321,35.58261167,23.8577,0.7593,"POLYGON((35.5826321500115 -14.9428477756308, 35.5826312643825 -14.9427979624177, 35.5825911847378 -14.9427986360076, 35.5825920703577 -14.9428484492219, 35.5826321500115 -14.9428477756308))",5GQQ3H4M+V2H4
1615979,-14.94298227,35.5814429,25.9874,0.79,"POLYGON((35.5814698015604 -14.9430018190963, 35.5814662965401 -14.9429588342231, 35.5814160049328 -14.9429627106885, 35.5814195099434 -14.9430056955642, 35.5814698015604 -14.9430018190963))",5GQQ3H4J+RH4J
1636872,-14.95214391,35.57958167,83.1872,0.8229,"POLYGON((35.5796413532705 -14.9521753146233, 35.5796363366285 -14.9521376871461, 35.5796099590945 -14.9521410112192, 35.5796038889572 -14.9520954818976, 35.5795334656306 -14.9521043565644, 35.57954455238 -14.9521875133719, 35.5796413532705 -14.9521753146233))",5GQQ2HXH+4RW8
1651803,-14.95180777,35.56534604,21.7153,0.7489,"POLYGON((35.5653701114136 -14.9518262342572, 35.5653674027827 -14.9517863959433, 35.5653219710384 -14.951789315639, 35.5653246796612 -14.9518291539547, 35.5653701114136 -14.9518262342572))",5GQQ2HX8+74HJ
1652852,-14.9468505,35.57338135,17.1396,0.6858,"POLYGON((35.5733999756551 -14.9468702559183, 35.5733966150143 -14.9468281879758, 35.5733627138242 -14.9468307479501, 35.5733660744577 -14.9468728158944, 35.5733999756551 -14.9468702559183))",5GQQ3H3F+792R
1655310,-14.94147884,35.58013107,18.6091,0.7118,"POLYGON((35.5801570662519 -14.9414908946521, 35.5801497692235 -14.9414575470335, 35.580105080243 -14.9414667909028, 35.5801123772652 -14.9415001385238, 35.5801570662519 -14.9414908946521))",5GQQ3H5J+C32R
1658117,-14.9434876,35.58160979,53.0098,0.8321,"POLYGON((35.5816580463941 -14.9434868316093, 35.5816187405103 -14.9434414821873, 35.5815615233711 -14.9434883609342, 35.5816008292549 -14.9435337103664, 35.5816580463941 -14.9434868316093))",5GQQ3H4J+JJ5G
1674974,-14.93755741,35.56529383,53.2424,0.8033,"POLYGON((35.5653241653405 -14.9375934350377, 35.5653296558757 -14.9375265020941, 35.5652634917716 -14.9375213712764, 35.5652580012173 -14.9375883042218, 35.5653241653405 -14.9375934350377))",5GQQ3H68+X4FM
1686717,-14.95000615,35.58100858,34.2215,0.7136,"POLYGON((35.5810477608309 -14.9500030865403, 35.5810174181158 -14.949968906404, 35.5809693853216 -14.9500092111186, 35.5809997280371 -14.9500433912613, 35.5810477608309 -14.9500030865403))",5GQQ2HXJ+XCRM
1690699,-14.94958388,35.58180722,30.4521,0.7487,"POLYGON((35.5818374720392 -14.949603225936, 35.5818272348429 -14.949554542944, 35.5817769728894 -14.9495645333243, 35.5817872100756 -14.9496132163203, 35.5818374720392 -14.949603225936))",5GQQ3H2J+5P7Q
1722862,-14.94399601,35.57245291,34.2894,0.7697,"POLYGON((35.5724789845442 -14.9440243038436, 35.5724743431077 -14.9439642339362, 35.5724268282377 -14.9439677043904, 35.5724314696614 -14.9440277743009, 35.5724789845442 -14.9440243038436))",5GQQ3H4C+CX43
1730279,-14.94708236,35.57293902,26.764,0.7926,"POLYGON((35.572965979518 -14.9470623141174, 35.5729175546268 -14.9470567778534, 35.5729120351937 -14.9471024125743, 35.5729604600955 -14.9471079488378, 35.572965979518 -14.9470623141174))",5GQQ3H3F+558J
1743710,-14.94647932,35.57286007,30.9492,0.7553,"POLYGON((35.5728942129698 -14.9464922627046, 35.5728775048369 -14.9464479902288, 35.5728259300666 -14.9464663887599, 35.572842638192 -14.9465106612408, 35.5728942129698 -14.9464922627046))",5GQQ3H3F+C45W
1809092,-14.9463464,35.57429906,47.4714,0.8202,"POLYGON((35.5743205591374 -14.9463858140208, 35.574333253526 -14.9463166519849, 35.5742775701152 -14.9463069909721, 35.5742648757082 -14.9463761530077, 35.5743205591374 -14.9463858140208))",5GQQ3H3F+FP74
1811399,-14.94099217,35.56771103,25.8275,0.7426,"POLYGON((35.5677340780218 -14.941015852893, 35.5677385548752 -14.9409735441855, 35.5676879904316 -14.9409684863666, 35.567683513568 -14.9410107950747, 35.5677340780218 -14.941015852893))",5GQQ3H59+J349
1813486,-14.94519254,35.57238541,32.4109,0.7434,"POLYGON((35.5724082444308 -14.9452216488146, 35.5724108254276 -14.9451655400424, 35.5723625677114 -14.9451634416733, 35.572359986702 -14.945219550447, 35.5724082444308 -14.9452216488146))",5GQQ3H3C+WXC7
1831311,-14.94451251,35.57218785,27.7689,0.6985,"POLYGON((35.572213873649 -14.9444894890645, 35.5721717302672 -14.9444821055654, 35.5721618288792 -14.9445355279164, 35.5722039722717 -14.9445429114157, 35.572213873649 -14.9444894890645))",5GQQ3H4C+5VWC
1838556,-14.93803007,35.57879512,10.6883,0.625,"POLYGON((35.5788114827811 -14.9380435650215, 35.5788088732634 -14.9380140689751, 35.5787787636914 -14.9380165871572, 35.5787813732051 -14.9380460832045, 35.5788114827811 -14.9380435650215))",5GQQ3H6H+QGMM
1854534,-14.95184584,35.5799052,17.139,0.7308,"POLYGON((35.5799330066696 -14.9518572754167, 35.57993105563 -14.9518306748645, 35.5798773920262 -14.9518343952194, 35.5798793430593 -14.951860995773, 35.5799330066696 -14.9518572754167))",5GQQ2HXH+7X65
1870425,-14.94539588,35.57200313,28.5359,0.6825,"POLYGON((35.5720302491144 -14.9454174648758, 35.572025548093 -14.945369682212, 35.5719760099351 -14.9453742892041, 35.5719807109459 -14.9454220718706, 35.5720302491144 -14.9454174648758))",5GQQ3H3C+RRR2
1882078,-14.94648737,35.57263385,49.8117,0.6191,"POLYGON((35.5726791695624 -14.9464856245474, 35.572646762497 -14.9464906822977, 35.5726385520907 -14.9464409545066, 35.5725980828923 -14.9464472705008, 35.5726109434822 -14.946525163028, 35.5726838197633 -14.9465137892777, 35.5726791695624 -14.9464856245474))",5GQQ3H3F+C32F
1904317,-14.93810117,35.57915415,23.8124,0.739,"POLYGON((35.5791775273374 -14.9381229343952, 35.5791808798742 -14.9380834185077, 35.579130778905 -14.9380794002775, 35.5791274263589 -14.9381189161658, 35.5791775273374 -14.9381229343952))",5GQQ3H6H+QM2X
1910074,-14.93761753,35.5652669,10.3446,0.6086,"POLYGON((35.5652822216043 -14.9376316453671, 35.5652818822506 -14.9376030752819, 35.5652515780595 -14.9376034155565, 35.5652519174096 -14.9376319856425, 35.5652822216043 -14.9376316453671))",5GQQ3H68+X428
1916652,-14.94884141,35.58141362,29.5664,0.7814,"POLYGON((35.581450640506 -14.9488358585577, 35.5813928911076 -14.9488110822547, 35.5813766090424 -14.9488469548275, 35.5814343584498 -14.9488717311332, 35.581450640506 -14.9488358585577))",5GQQ3H2J+FH76
1919786,-14.9488947,35.5802544,34.9104,0.7737,"POLYGON((35.5802794744854 -14.9489234746266, 35.5802853005255 -14.9488718927212, 35.580229320469 -14.9488659161515, 35.5802234944154 -14.9489174980575, 35.5802794744854 -14.9489234746266))",5GQQ3H2J+C4R6
1924729,-14.95333,35.56453554,22.8392,0.7057,"POLYGON((35.5645578004543 -14.9533519349991, 35.5645530866837 -14.9533043265632, 35.5645132959876 -14.9533080503892, 35.5645180097496 -14.9533556588273, 35.5645578004543 -14.9533519349991))",5GQQ2HW7+MR7R
1926964,-14.94173508,35.58044643,9.3005,0.6176,"POLYGON((35.5804591729965 -14.941750108834, 35.5804627830063 -14.9417238345065, 35.5804336717589 -14.9417200534849, 35.5804300617454 -14.9417463278124, 35.5804591729965 -14.941750108834))",5GQQ3H5J+854F
1930969,-14.94127203,35.56772635,43.2867,0.7995,"POLYGON((35.5677559073969 -14.941303237941, 35.567763851422 -14.9412503292338, 35.5676967958152 -14.9412408117468, 35.5676888517725 -14.941293720454, 35.5677559073969 -14.941303237941))",5GQQ3H59+F3X2
1932515,-14.9439277,35.58060279,22.5056,0.6068,"POLYGON((35.5806166205466 -14.943956206682, 35.5806244717804 -14.9439042753403, 35.5805889618996 -14.9438992005253, 35.580581110657 -14.943951131867, 35.5806166205466 -14.943956206682))",5GQQ3H4J+C6HV
1950710,-14.93889116,35.56443224,10.8768,0.6596,"POLYGON((35.5644451017717 -14.938908090582, 35.5644492318777 -14.9388781252731, 35.5644193840082 -14.9388742362635, 35.5644152538978 -14.9389042015725, 35.5644451017717 -14.938908090582))",5GQQ3H67+CQV9
1968392,-14.93872843,35.56480638,23.2185,0.7148,"POLYGON((35.5648400224472 -14.9387263052468, 35.5647884677291 -14.9387006645369, 35.5647727474294 -14.9387305446839, 35.5648243021537 -14.9387561853964, 35.5648400224472 -14.9387263052468))",5GQQ3H67+GW3X
1972763,-14.94174691,35.5676981,25.8506,0.6622,"POLYGON((35.5677142538778 -14.9417787729221, 35.5677164865497 -14.9417162166783, 35.5676819368259 -14.9417150510198, 35.5676797041441 -14.9417776072649, 35.5677142538778 -14.9417787729221))",5GQQ3H59+8343
1978250,-14.95325866,35.57892555,25.3085,0.7456,"POLYGON((35.5789512766058 -14.9532799938778, 35.5789542738449 -14.9532413091558, 35.5788998160266 -14.9532373210468, 35.5788968187777 -14.9532760057695, 35.5789512766058 -14.9532799938778))",5GQQ2HWH+MHVP
1984925,-14.9534666,35.56583972,40.6301,0.6513,"POLYGON((35.5658752 -14.9534881, 35.5658637 -14.9534332, 35.5658042 -14.9534451, 35.5658158 -14.9535, 35.5658752 -14.9534881))",5GQQ2HW8+J889
1987999,-14.93963755,35.58003728,28.7739,0.74,"POLYGON((35.5800587505174 -14.9396651258275, 35.5800694401649 -14.9396227798347, 35.5800157932902 -14.9396099778986, 35.580005103632 -14.9396523238904, 35.5800587505174 -14.9396651258275))",5GQQ3H6J+42VC
1991993,-14.93734406,35.56501098,39.9127,0.7784,"POLYGON((35.5650510331674 -14.9373544374685, 35.5650211960951 -14.9373050083182, 35.5649709226711 -14.937333696348, 35.5650007597376 -14.9373831255062, 35.5650510331674 -14.9373544374685))",5GQQ3H78+3267
1992017,-14.95225351,35.57962514,55.0588,0.7533,"POLYGON((35.5796595438258 -14.9522873095215, 35.5796549450155 -14.9522158110078, 35.5795907320056 -14.9522197149067, 35.5795953307952 -14.952291213425, 35.5796595438258 -14.9522873095215))",5GQQ2HXH+3VRR
1996706,-14.94932028,35.58167116,20.5228,0.7472,"POLYGON((35.5816839819141 -14.9493474896902, 35.5816926106872 -14.9492988074067, 35.5816583388114 -14.9492930654958, 35.5816497100303 -14.9493417477789, 35.5816839819141 -14.9493474896902))",5GQQ3H2J+7MF3
1998145,-14.94536018,35.57353561,30.7002,0.7718,"POLYGON((35.5735627799494 -14.9453836887383, 35.5735608252118 -14.9453347009443, 35.5735084441933 -14.9453366766828, 35.5735103989194 -14.9453856644791, 35.5735627799494 -14.9453836887383))",5GQQ3H3F+VC3C
1999374,-14.9498915,35.57966281,37.7008,0.818,"POLYGON((35.5796946234384 -14.9498672857897, 35.5796414192425 -14.949858173374, 35.579630994509 -14.9499157061024, 35.5796841987195 -14.9499248185183, 35.5796946234384 -14.9498672857897))",5GQQ3H2H+2VV6
2006947,-14.93794837,35.56532742,16.3447,0.6394,"POLYGON((35.5653497811193 -14.9379624996616, 35.5653450180381 -14.937928896131, 35.5653050621972 -14.9379342500262, 35.5653098252726 -14.9379678535586, 35.5653497811193 -14.9379624996616))",5GQQ3H68+R4G3
2009947,-14.94187634,35.58118758,58.9834,0.7965,"POLYGON((35.5812278886414 -14.9418464997059, 35.5811513108929 -14.9418419498899, 35.5811472735402 -14.941906185394, 35.5812238513119 -14.9419107352075, 35.5812278886414 -14.9418464997059))",5GQQ3H5J+6FWR
2013078,-14.94542228,35.57440728,38.634,0.8172,"POLYGON((35.5744475969618 -14.9454296732429, 35.5744086441044 -14.9453824171561, 35.5743669724034 -14.9454148869044, 35.5744059252606 -14.9454621429988, 35.5744475969618 -14.9454296732429))",5GQQ3H3F+RQM2
2035810,-14.9469871,35.57274279,18.5126,0.7263,"POLYGON((35.5727715151085 -14.9469839865004, 35.5727310845696 -14.9469614007373, 35.5727140546213 -14.9469902170108, 35.572754485165 -14.9470128027762, 35.5727715151085 -14.9469839865004))",5GQQ3H3F+635H
2046144,-14.95359463,35.56524528,37.0282,0.8235,"POLYGON((35.5652750182832 -14.9536205453235, 35.5652730204445 -14.9535666925974, 35.5652155358977 -14.9535687082922, 35.5652175337223 -14.953622561021, 35.5652750182832 -14.9536205453235))",5GQQ2HW8+H399
2056641,-14.94917311,35.58081554,38.5053,0.7302,"POLYGON((35.5808564214058 -14.9491760002253, 35.5808250575944 -14.949134351443, 35.5807746729253 -14.9491702160177, 35.5808060367344 -14.9492118648079, 35.5808564214058 -14.9491760002253))",5GQQ3H2J+88P2
2057987,-14.94876022,35.58108285,83.5618,0.701,"POLYGON((35.5811192478449 -14.9488090088536, 35.5811426401673 -14.9487442698455, 35.5810464604284 -14.9487114199688, 35.5810230680776 -14.9487761589708, 35.5811192478449 -14.9488090088536))",5GQQ3H2J+FCWG
2061911,-14.94986412,35.58135276,38.4305,0.7012,"POLYGON((35.5813800244951 -14.9498934637609, 35.5813835029278 -14.9498382230297, 35.5813254832441 -14.9498347696951, 35.5813220047961 -14.9498900104292, 35.5813800244951 -14.9498934637609))",5GQQ3H2J+3G5F
2063360,-14.94527997,35.57358181,12.6569,0.6229,"POLYGON((35.5735993056682 -14.9452950813057, 35.5735954724898 -14.9452614908705, 35.5735643142638 -14.9452648519022, 35.5735681474376 -14.9452984423384, 35.5735993056682 -14.9452950813057))",5GQQ3H3F+VCPW
2069073,-14.94335442,35.58057251,30.9428,0.8072,"POLYGON((35.5805982921196 -14.9433797130789, 35.5805951652995 -14.9433264194098, 35.5805467209315 -14.9433291062032, 35.5805498477399 -14.9433823998749, 35.5805982921196 -14.9433797130789))",5GQQ3H4J+M64V
2074469,-14.94326079,35.58060835,19.778,0.6718,"POLYGON((35.58063151242 -14.9432432806242, 35.5805870996225 -14.943241111266, 35.5805851782635 -14.9432782947194, 35.5806295910688 -14.9432804640765, 35.58063151242 -14.9432432806242))",5GQQ3H4J+M6XF
2074736,-14.93755403,35.5781238,35.8445,0.8113,"POLYGON((35.5781548744649 -14.9375784266128, 35.5781402570497 -14.9375186558206, 35.5780927447215 -14.9375296402144, 35.5781073621252 -14.9375894110116, 35.5781548744649 -14.9375784266128))",5GQQ3H6H+X6HX
2078822,-14.95110821,35.56534655,15.4154,0.6859,"POLYGON((35.5653612195635 -14.9511288387493, 35.5653668288616 -14.9510927249267, 35.5653318927403 -14.9510875958058, 35.5653262834362 -14.9511237096285, 35.5653612195635 -14.9511288387493))",5GQQ2HX8+H45J
2083043,-14.94964595,35.57832621,48.6975,0.8098,"POLYGON((35.5783685435083 -14.9496633872988, 35.5783386714874 -14.9496029259129, 35.5782838883367 -14.9496285101383, 35.5783137603474 -14.9496889715338, 35.5783685435083 -14.9496633872988))",5GQQ3H2H+48W3
2095764,-14.94358569,35.5814222,41.7193,0.7151,"POLYGON((35.5814598532512 -14.9436046313031, 35.5814433676386 -14.9435499680119, 35.5813845387168 -14.9435667391952, 35.5814010243172 -14.9436214024932, 35.5814598532512 -14.9436046313031))",5GQQ3H4J+HH7G
2097751,-14.94057183,35.57296075,36.4818,0.716,"POLYGON((35.572996625303 -14.9405881873881, 35.5729775100144 -14.9405369215562, 35.5729248614411 -14.9405554788813, 35.5729439767203 -14.9406067447193, 35.572996625303 -14.9405881873881))",5GQQ3H5F+Q5G4
2098278,-14.95465956,35.57960948,22.881,0.7284,"POLYGON((35.5796309565872 -14.9546823252106, 35.5796276399336 -14.9546342158788, 35.5795880037409 -14.9546367986173, 35.5795913203861 -14.9546849079509, 35.5796309565872 -14.9546823252106))",5GQQ2HWH+4RQP
2098945,-14.94275916,35.58187852,27.1444,0.6921,"POLYGON((35.5818936523836 -14.9427924711579, 35.5818986701903 -14.9427284651752, 35.5818633752006 -14.9427258495582, 35.5818583573829 -14.9427898555417, 35.5818936523836 -14.9427924711579))",5GQQ3H4J+VQRJ
2107155,-14.93928826,35.57306985,52.8725,0.7726,"POLYGON((35.5731080495371 -14.9393171743663, 35.5730896003459 -14.9392452882574, 35.5730316423262 -14.9392593496056, 35.5730500915003 -14.9393312357221, 35.5731080495371 -14.9393171743663))",5GQQ3H6F+76PC
2110185,-14.95170766,35.56506639,40.1227,0.7517,"POLYGON((35.565110685946 -14.951708552364, 35.5650882391258 -14.9516701883581, 35.5650220935739 -14.9517067698897, 35.5650445403875 -14.9517451339019, 35.565110685946 -14.951708552364))",5GQQ2HX8+828J
2136014,-14.94280135,35.58192834,13.1224,0.6904,"POLYGON((35.5819479319085 -14.9428159914212, 35.5819497231446 -14.9427893050125, 35.5819087362007 -14.9427867043986, 35.5819069449594 -14.9428133908078, 35.5819479319085 -14.9428159914212))",5GQQ3H4J+VQFW
2146488,-14.94328643,35.58176976,45.214,0.8254,"POLYGON((35.5817988833798 -14.9433189003533, 35.5818066971193 -14.9432626294369, 35.5817406407514 -14.9432539587171, 35.5817328269941 -14.9433102296337, 35.5817988833798 -14.9433189003533))",5GQQ3H4J+MPJG
2157400,-14.94614019,35.57385007,25.1268,0.764,"POLYGON((35.5738802718798 -14.9461258185473, 35.5738271850171 -14.9461162583666, 35.5738198870668 -14.9461545650786, 35.5738729739392 -14.9461641252596, 35.5738802718798 -14.9461258185473))",5GQQ3H3F+GGX6
2186706,-14.94158792,35.58052188,34.9515,0.8095,"POLYGON((35.5805507783412 -14.9416132670937, 35.5805443427913 -14.9415570123865, 35.5804929699421 -14.9415625679977, 35.5804994054792 -14.9416188227084, 35.5805507783412 -14.9416132670937))",5GQQ3H5J+966G
2194404,-14.94285588,35.58207241,46.0045,0.7864,"POLYGON((35.582101348463 -14.9428888803114, 35.5821089783208 -14.9428310462779, 35.5820434696576 -14.9428228767112, 35.5820358397816 -14.942880710746, 35.582101348463 -14.9428888803114))",5GQQ3H4J+VR4M
2208265,-14.94527054,35.57318015,64.6193,0.7889,"POLYGON((35.5732220213916 -14.9453018514809, 35.5732088549708 -14.9452274168023, 35.5731382715994 -14.945239218682, 35.5731514379979 -14.9453136533683, 35.5732220213916 -14.9453018514809))",5GQQ3H3F+V7V5
2220164,-14.93947103,35.57276156,42.4889,0.7796,"POLYGON((35.5727902433413 -14.9395024840162, 35.5727872562332 -14.9394372212903, 35.5727328669072 -14.939439574597, 35.5727358539992 -14.9395048373264, 35.5727902433413 -14.9395024840162))",5GQQ3H6F+6463
2227815,-14.95437676,35.56532467,33.5475,0.781,"POLYGON((35.5653603586934 -14.9543639480973, 35.5653091674632 -14.9543429811205, 35.5652889780862 -14.9543895721251, 35.5653401693271 -14.9544105391048, 35.5653603586934 -14.9543639480973))",5GQQ2HW8+64WV
2232763,-14.94379854,35.58170735,12.6172,0.6097,"POLYGON((35.5817251993605 -14.9438132058255, 35.5817205427568 -14.9437797821103, 35.5816895125585 -14.9437838687064, 35.5816941691577 -14.943817292423, 35.5817251993605 -14.9438132058255))",5GQQ3H4J+FMP4
2242197,-14.95454699,35.57948521,13.427,0.6667,"POLYGON((35.5795073077639 -14.9545581520452, 35.579503920505 -14.9545310125522, 35.5794631053011 -14.9545358274504, 35.5794664925553 -14.9545629669448, 35.5795073077639 -14.9545581520452))",5GQQ2HWH+5QQ4
2262289,-14.95374839,35.56516474,34.1072,0.7132,"POLYGON((35.5651940042939 -14.9537724468824, 35.5651903980933 -14.9537207160969, 35.5651354568933 -14.9537243361932, 35.5651390630811 -14.9537760669817, 35.5651940042939 -14.9537724468824))",5GQQ2HW8+G333
2273218,-14.95444307,35.57841214,45.2147,0.7856,"POLYGON((35.5784483 -14.9544678, 35.578441 -14.9544105, 35.578376 -14.9544183, 35.5783833 -14.9544757, 35.5784483 -14.9544678))",5GQQ2HWH+69F6
2283247,-14.9396677,35.58017125,26.675,0.679,"POLYGON((35.5802049600226 -14.9396635989524, 35.580163766226 -14.9396354867662, 35.5801375507476 -14.9396718008176, 35.5801787445494 -14.9396999130082, 35.5802049600226 -14.9396635989524))",5GQQ3H6J+43M7
2305643,-14.94639389,35.57279063,17.0825,0.6489,"POLYGON((35.5728137694524 -14.9464077192785, 35.5728031387632 -14.9463704570544, 35.5727675044661 -14.946380066823, 35.5727781351501 -14.9464173290497, 35.5728137694524 -14.9464077192785))",5GQQ3H3F+C4V7
2311537,-14.94946298,35.58046542,19.3936,0.7014,"POLYGON((35.5804891044515 -14.949479437303, 35.580478076988 -14.9494375023284, 35.5804417385441 -14.9494465347679, 35.5804527660014 -14.949488469745, 35.5804891044515 -14.949479437303))",5GQQ3H2J+658H
2328420,-14.94394543,35.58112138,41.0753,0.8016,"POLYGON((35.5811412478954 -14.9439814676965, 35.5811588760232 -14.9439269166564, 35.5811015086042 -14.9439093927484, 35.5810838804613 -14.943963943786, 35.5811412478954 -14.9439814676965))",5GQQ3H4J+CCH5
2340503,-14.9456095,35.57305445,9.3245,0.6348,"POLYGON((35.573069454299 -14.9456227287562, 35.573064662667 -14.9455924901868, 35.5730394482203 -14.9455962670123, 35.5730442398489 -14.9456265055827, 35.573069454299 -14.9456227287562))",5GQQ3H3F+Q63P
2342256,-14.94963614,35.58202031,12.1461,0.6799,"POLYGON((35.5820392328171 -14.9496487292411, 35.5820352021475 -14.9496191778013, 35.5820013901355 -14.9496235370158, 35.5820054208008 -14.9496530884569, 35.5820392328171 -14.9496487292411))",5GQQ3H2J+4RRG
2342941,-14.95467671,35.57894444,15.66,0.7324,"POLYGON((35.5789640675606 -14.954693584688, 35.5789577532047 -14.9546547876437, 35.5789247887873 -14.9546598586467, 35.5789311031378 -14.9546986556928, 35.5789640675606 -14.954693584688))",5GQQ2HWH+4HGR
2350501,-14.94093716,35.56755058,53.3949,0.7814,"POLYGON((35.5675926842251 -14.9409135755643, 35.5675172930151 -14.9409027351568, 35.5675084683415 -14.9409607511693, 35.567583859572 -14.940971591577, 35.5675926842251 -14.9409135755643))",5GQQ3H59+J2FG
2362275,-14.9544068,35.57760802,20.9047,0.7296,"POLYGON((35.5776282747131 -14.9544290234733, 35.5776353661212 -14.954393603443, 35.5775877628708 -14.9543845952053, 35.5775806714545 -14.9544200152353, 35.5776282747131 -14.9544290234733))",5GQQ2HWH+62QM
2369577,-14.94081416,35.5733997,27.1309,0.7083,"POLYGON((35.5734270996434 -14.9408346024185, 35.5734147539804 -14.9407839324285, 35.5733723148496 -14.9407937071629, 35.573384660504 -14.9408443771566, 35.5734270996434 -14.9408346024185))",5GQQ3H5F+M9CH
2387267,-14.95100195,35.58003806,13.4708,0.6277,"POLYGON((35.5800555975677 -14.9510182857011, 35.5800512597382 -14.9509821302959, 35.5800204891999 -14.9509856198295, 35.5800248270245 -14.9510217752361, 35.5800555975677 -14.9510182857011))",5GQQ2HXJ+H2VR
2410763,-14.94953903,35.5800434,57.2788,0.8042,"POLYGON((35.5800806416996 -14.9495061556867, 35.580018774607 -14.949496393307, 35.5800061684886 -14.9495719067773, 35.5800680356034 -14.949581669157, 35.5800806416996 -14.9495061556867))",5GQQ3H2J+52MF
2422597,-14.94858569,35.58133406,30.9686,0.8271,"POLYGON((35.5813684283845 -14.9485729453697, 35.5813152313005 -14.9485549646491, 35.5812996846215 -14.9485984418403, 35.5813528817161 -14.948616422563, 35.5813684283845 -14.9485729453697))",5GQQ3H2J+HG8G
2424243,-14.95196155,35.57953804,41.2357,0.8018,"POLYGON((35.5795723576434 -14.9519860455247, 35.5795557413307 -14.9519239073698, 35.5795037059824 -14.9519370597386, 35.5795203222821 -14.9519991978987, 35.5795723576434 -14.9519860455247))",5GQQ2HXH+6R7C
2424983,-14.9467975,35.57223662,33.832,0.6722,"POLYGON((35.5722660064188 -14.9468211787392, 35.5722606325803 -14.94676866066, 35.5722072353366 -14.946773825354, 35.5722126091627 -14.9468263434366, 35.5722660064188 -14.9468211787392))",5GQQ3H3C+7VQ4
2439922,-14.93924902,35.57930036,18.7836,0.7125,"POLYGON((35.5793203140951 -14.9392690664175, 35.5793168651971 -14.9392261955849, 35.5792804125081 -14.939228967813, 35.5792838613991 -14.9392718386471, 35.5793203140951 -14.9392690664175))",5GQQ3H6H+8P34
2446015,-14.93877494,35.57995673,44.7395,0.8156,"POLYGON((35.5799852868331 -14.9388080080619, 35.5799837398826 -14.9387406620795, 35.5799281592521 -14.9387418689726, 35.5799297061856 -14.938809214958, 35.5799852868331 -14.9388080080619))",5GQQ3H6H+FXW4
2458399,-14.94180483,35.56764935,39.6214,0.7255,"POLYGON((35.5676776897908 -14.9418340463297, 35.5676797041441 -14.9417776072649, 35.5676210101037 -14.9417756270021, 35.5676189957349 -14.9418320660688, 35.5676776897908 -14.9418340463297))",5GQQ3H59+73CX
2461687,-14.94687516,35.5732966,12.6785,0.6905,"POLYGON((35.5733104013431 -14.9468935966744, 35.573317144143 -14.9468641572134, 35.5732827965927 -14.9468567209182, 35.573276053788 -14.946886160379, 35.5733104013431 -14.9468935966744))",5GQQ3H3F+68VV
2463610,-14.94944739,35.58119571,20.9834,0.7142,"POLYGON((35.5812031122628 -14.9494785793705, 35.5812183250624 -14.9494241154853, 35.5811882887307 -14.9494161852281, 35.5811730759229 -14.9494706491123, 35.5812031122628 -14.9494785793705))",5GQQ3H2J+6FG3
2494892,-14.94925499,35.58071833,14.6593,0.6013,"POLYGON((35.5807420737769 -14.9492647993398, 35.5807354973153 -14.9492362412414, 35.5806945782378 -14.9492451481942, 35.5807011546947 -14.9492737062947, 35.5807420737769 -14.9492647993398))",5GQQ3H2J+77WX
2497305,-14.94590455,35.57347435,55.9829,0.7509,"POLYGON((35.5735108209348 -14.9458746049196, 35.5734418945667 -14.9458645553769, 35.5734338635354 -14.9459166225839, 35.5734643481549 -14.9459210672777, 35.5734603581064 -14.9459469357914, 35.5734987998768 -14.9459525406402, 35.5735108209348 -14.9458746049196))",5GQQ3H3F+J9QR
2513098,-14.93904643,35.57867368,26.9807,0.6647,"POLYGON((35.5787058592192 -14.9390604242529, 35.5786985676464 -14.9390221547093, 35.5786415108048 -14.9390324315032, 35.5786488023676 -14.9390707010503, 35.5787058592192 -14.9390604242529))",5GQQ3H6H+9FM4
2518430,-14.95193527,35.57996749,77.5493,0.832,"POLYGON((35.5800061 -14.9519777, 35.5800035 -14.9518908, 35.5799289 -14.9518928, 35.5799315 -14.9519798, 35.5800061 -14.9519777))",5GQQ2HXH+6XGH
2519550,-14.93918117,35.58106384,23.8483,0.6933,"POLYGON((35.5810958588799 -14.9391774179495, 35.5810547879162 -14.9391510600119, 35.5810318042066 -14.939184915207, 35.5810728751745 -14.9392112731479, 35.5810958588799 -14.9391774179495))",5GQQ3H6J+8CGJ
2533653,-14.9468989,35.57230694,21.8967,0.6818,"POLYGON((35.5723354250099 -14.9469130906449, 35.572331517695 -14.9468789643085, 35.572278463778 -14.9468847062113, 35.5722823710847 -14.9469188325499, 35.5723354250099 -14.9469130906449))",5GQQ3H3C+6WV5
2544489,-14.93975117,35.57316621,17.2384,0.6716,"POLYGON((35.5731875621821 -14.9397676076107, 35.5731830216317 -14.9397303288775, 35.5731448491735 -14.9397347240558, 35.5731493897171 -14.939772002791, 35.5731875621821 -14.9397676076107))",5GQQ3H6F+37VV
2544973,-14.93796673,35.56483558,31.2176,0.7177,"POLYGON((35.5648624568389 -14.9379936608938, 35.564872148468 -14.9379547593445, 35.5648086987241 -14.9379398160346, 35.5647990070834 -14.9379787175831, 35.5648624568389 -14.9379936608938))",5GQQ3H67+RW88
2546130,-14.93830061,35.57949132,79.4365,0.7375,"POLYGON((35.5795500603964 -14.9382763537105, 35.5794384547683 -14.9382658365743, 35.5794325709364 -14.9383248611933, 35.579544176596 -14.9383353783276, 35.5795500603964 -14.9382763537105))",5GQQ3H6H+MQHW
2556867,-14.93897771,35.57869684,43.8274,0.8143,"POLYGON((35.5787374716579 -14.9389933219255, 35.5787189103285 -14.9389410443928, 35.5786562063087 -14.9389620905005, 35.5786747676261 -14.9390143680404, 35.5787374716579 -14.9389933219255))",5GQQ3H6H+CF4V
2563257,-14.94170718,35.58145474,17.3332,0.655,"POLYGON((35.5814725821065 -14.9417294639383, 35.5814667054056 -14.9416814457722, 35.5814369111231 -14.9416848926992, 35.5814427878183 -14.941732910867, 35.5814725821065 -14.9417294639383))",5GQQ3H5J+8H8P
2586713,-14.9402291,35.56577643,43.1266,0.8045,"POLYGON((35.5658202770972 -14.9402155375416, 35.5657431272788 -14.9401982340826, 35.5657325863583 -14.9402426621785, 35.5658097361925 -14.9402599656387, 35.5658202770972 -14.9402155375416))",5GQQ3H58+W82X
2598169,-14.95292271,35.57880009,31.9038,0.7663,"POLYGON((35.5788264926896 -14.9529481004942, 35.5788236391539 -14.9528947847692, 35.5787736815306 -14.9528973120538, 35.5787765350538 -14.9529506277813, 35.5788264926896 -14.9529481004942))",5GQQ2HWH+RGM4
2614811,-14.95389624,35.5791675,55.3933,0.8098,"POLYGON((35.579193338653 -14.9539370939935, 35.5792035167051 -14.9538634703805, 35.5791416501148 -14.9538553863909, 35.5791314720414 -14.9539290100045, 35.579193338653 -14.9539370939935))",5GQQ2HWH+CMV3
2636139,-14.95147599,35.5790098,39.9157,0.6801,"POLYGON((35.5790425731646 -14.9515012607052, 35.5790291895905 -14.9514399627039, 35.5789770289903 -14.9514507273436, 35.5789904125517 -14.9515120253502, 35.5790425731646 -14.9515012607052))",5GQQ2HXH+CJ2V
2662861,-14.93870913,35.564691,19.2546,0.723,"POLYGON((35.5647093331077 -14.9386890279029, 35.5646643211436 -14.9386926776606, 35.5646663230185 -14.9387160168131, 35.5647134313812 -14.9387368081009, 35.5647093331077 -14.9386890279029))",5GQQ3H67+GV8J
2665482,-14.95168762,35.57903947,40.0321,0.7393,"POLYGON((35.5790741877971 -14.9516644391862, 35.5790245332374 -14.9516493334118, 35.5790047489 -14.9517108040977, 35.5790544034739 -14.9517259098742, 35.5790741877971 -14.9516644391862))",5GQQ2HXH+8JFF
2702195,-14.94894219,35.57991385,18.1209,0.6054,"POLYGON((35.5799294188303 -14.9489668501807, 35.5799288249329 -14.9489171739004, 35.5798982930793 -14.9489175189282, 35.5798988869698 -14.9489671952097, 35.5799294188303 -14.9489668501807))",5GQQ3H2H+CXF6
2732543,-14.94576088,35.57301706,32.386,0.7363,"POLYGON((35.5730544849542 -14.9457633482092, 35.5730145601509 -14.9457245002158, 35.5729796394879 -14.9457584245578, 35.5730195642931 -14.945797272557, 35.5730544849542 -14.9457633482092))",5GQQ3H3F+M6RG
2737148,-14.95154497,35.5792711,28.9554,0.7772,"POLYGON((35.579306489178 -14.9515406610305, 35.579259720919 -14.9515121099017, 35.5792357130776 -14.9515492815711, 35.5792824813434 -14.9515778327042, 35.579306489178 -14.9515406610305))",5GQQ2HXH+9PJ8
2741213,-14.9443664,35.5723265,52.3834,0.8082,"POLYGON((35.5723558 -14.9444029, 35.5723608 -14.9443343, 35.5722972 -14.9443299, 35.5722922 -14.9443985, 35.5723558 -14.9444029))",5GQQ3H4C+7W47
2767088,-14.94690341,35.57243506,15.1796,0.6703,"POLYGON((35.5724522718541 -14.9469223861697, 35.5724493727529 -14.9468822960277, 35.5724178330527 -14.9468844519492, 35.5724207321482 -14.9469245420927, 35.5724522718541 -14.9469223861697))",5GQQ3H3C+6XMX
2793397,-14.95150801,35.57941414,27.8281,0.8009,"POLYGON((35.5794433742722 -14.951489735786, 35.5793917409326 -14.9514821631168, 35.5793848962198 -14.9515262762033, 35.5794365295702 -14.9515338488724, 35.5794433742722 -14.951489735786))",5GQQ2HXH+9QVM
2798103,-14.9445165,35.57163311,35.4564,0.7626,"POLYGON((35.5716617035472 -14.9445423883822, 35.5716595159124 -14.944488506194, 35.5716045180217 -14.9444906169303, 35.5716067056429 -14.9445444991212, 35.5716617035472 -14.9445423883822))",5GQQ3H4C+5MR7
2798371,-14.94207259,35.58079338,48.2147,0.7974,"POLYGON((35.5808199 -14.9421086, 35.5808291 -14.942045, 35.5807668 -14.9420366, 35.5807577 -14.9421002, 35.5808199 -14.9421086))",5GQQ3H5J+58F3
2807799,-14.9547891,35.5809213,25.599,0.6698,"POLYGON((35.5809514086737 -14.95480381397, 35.5809432162013 -14.9547642245096, 35.5808911921519 -14.9547744000409, 35.5808993846158 -14.9548139895047, 35.5809514086737 -14.95480381397))",5GQQ2HWJ+39MF
2832340,-14.93975849,35.5727927,8.4141,0.6023,"POLYGON((35.5728038825758 -14.9397433294888, 35.5727793802115 -14.9397450749852, 35.5727815348297 -14.9397736666203, 35.572806037197 -14.9397719211231, 35.5728038825758 -14.9397433294888))",5GQQ3H6F+34VM
2853397,-14.94983593,35.57848446,61.9741,0.8365,"POLYGON((35.5785362304419 -14.949838789465, 35.5784810085534 -14.9497856271296, 35.5784326957584 -14.9498330630567, 35.5784879176516 -14.9498862254029, 35.5785362304419 -14.949838789465))",5GQQ3H2H+399G
2867416,-14.94282331,35.58214501,13.2105,0.6807,"POLYGON((35.5821596913064 -14.942841578712, 35.5821636459291 -14.9428088583655, 35.5821303099364 -14.9428050497447, 35.5821263553086 -14.9428377700914, 35.5821596913064 -14.942841578712))",5GQQ3H4J+VVC4
2880887,-14.95247643,35.57955615,34.0017,0.8006,"POLYGON((35.5795843773155 -14.9524510481459, 35.5795342701419 -14.9524456937514, 35.5795279247687 -14.9525018209849, 35.5795780319557 -14.9525071753788, 35.5795843773155 -14.9524510481459))",5GQQ2HXH+2R3X
2900110,-14.94476019,35.58109534,42.5866,0.736,"POLYGON((35.5811294291488 -14.9447348440752, 35.5810725917214 -14.9447248049477, 35.5810612465099 -14.9447855218639, 35.5811180839536 -14.9447955609919, 35.5811294291488 -14.9447348440752))",5GQQ3H4J+3CXC
2906566,-14.94005477,35.57281645,24.0992,0.6418,"POLYGON((35.5728389908614 -14.9400781846318, 35.5728325706783 -14.9400267835383, 35.5727938952574 -14.9400313500852, 35.5728003154317 -14.9400827511813, 35.5728389908614 -14.9400781846318))",5GQQ3H5F+X4GR
2909924,-14.94972153,35.57850157,23.5149,0.6156,"POLYGON((35.5785317749933 -14.9497085698193, 35.5785003750358 -14.9496894569995, 35.5784713733096 -14.9497344937119, 35.5785027732714 -14.9497536065361, 35.5785317749933 -14.9497085698193))",5GQQ3H2H+4C62
2920879,-14.94347506,35.58056222,18.2953,0.6919,"POLYGON((35.5805767533927 -14.9434990542235, 35.5805817874281 -14.9434547101674, 35.5805476669149 -14.943451048651, 35.5805426328723 -14.9434953927076, 35.5805767533927 -14.9434990542235))",5GQQ3H4J+J63X
2926640,-14.95292961,35.56700658,47.3657,0.7858,"POLYGON((35.5669734 -14.9529598, 35.5670425 -14.9529567, 35.5670397 -14.9528994, 35.5669707 -14.9529025, 35.5669734 -14.9529598))",5GQQ2HW8+RRCR
2931954,-14.9441432,35.58150711,19.7207,0.7028,"POLYGON((35.5815237285018 -14.9441667213989, 35.5815282150966 -14.9441233946655, 35.5814904962029 -14.9441197024948, 35.5814860096003 -14.9441630292288, 35.5815237285018 -14.9441667213989))",5GQQ3H4J+8JR6
2942634,-14.93782482,35.57980483,27.0281,0.7878,"POLYGON((35.5798271504961 -14.9378498916681, 35.5798305324839 -14.9378030182293, 35.5797825021563 -14.9377997421917, 35.579779120158 -14.9378466156313, 35.5798271504961 -14.9378498916681))",5GQQ3H6H+VWF5
2957556,-14.94673701,35.57241264,8.8974,0.6054,"POLYGON((35.5724298369539 -14.9467462976519, 35.5724197114042 -14.9467191589832, 35.5723954585086 -14.9467277124942, 35.5724055840561 -14.9467548511644, 35.5724298369539 -14.9467462976519))",5GQQ3H3C+8X3C
2962146,-14.93807492,35.56521351,108.9228,0.772,"POLYGON((35.5652520601924 -14.9381319524327, 35.5652574829503 -14.9380217134713, 35.5651749645502 -14.9380178761842, 35.5651695417495 -14.9381281151503, 35.5652520601924 -14.9381319524327))",5GQQ3H68+Q3G5
2963037,-14.9467363,35.57225441,10.4567,0.6731,"POLYGON((35.5722690673293 -14.9467514612718, 35.5722670772431 -14.946719534696, 35.572239760517 -14.9467211442241, 35.5722417505993 -14.9467530708008, 35.5722690673293 -14.9467514612718))",5GQQ3H3C+8W2C
2976769,-14.94130493,35.56744673,48.6485,0.6885,"POLYGON((35.567471786197 -14.941343715283, 35.5674760733625 -14.9412690935677, 35.5674216710663 -14.9412661389823, 35.5674173838816 -14.9413407606996, 35.567471786197 -14.941343715283))",5GQQ3H58+FXGV
2993298,-14.93818061,35.56483381,13.5293,0.6126,"POLYGON((35.564855452641 -14.938169770136, 35.5648188630105 -14.9381619306878, 35.5648121730193 -14.938191448474, 35.5648487626552 -14.9381992879226, 35.564855452641 -14.938169770136))",5GQQ3H67+PWGP
2994740,-14.94818299,35.57988769,10.8406,0.6384,"POLYGON((35.5799008494177 -14.9481996608346, 35.5799051066967 -14.9481705674751, 35.5798745338364 -14.9481663386525, 35.5798702765532 -14.9481954320121, 35.5799008494177 -14.9481996608346))",5GQQ3H2H+PXCM
3004867,-14.95397708,35.57916453,29.9477,0.7673,"POLYGON((35.579188381686 -14.9540032523056, 35.5791933444998 -14.9539561547911, 35.5791406673105 -14.9539509082348, 35.5791357044847 -14.95399800575, 35.579188381686 -14.9540032523056))",5GQQ2HWH+CM3V
3021149,-14.94147005,35.56785581,25.414,0.7547,"POLYGON((35.5678813813597 -14.9414905200398, 35.5678786181428 -14.9414466940996, 35.5678302589491 -14.9414495763673, 35.5678330221565 -14.9414934023096, 35.5678813813597 -14.9414905200398))",5GQQ3H59+C493
3029445,-14.94013261,35.57283331,16.916,0.6632,"POLYGON((35.5728560679956 -14.9401468941086, 35.5728450944483 -14.9401089001131, 35.5728105495862 -14.9401183318847, 35.5728215231284 -14.9401563258827, 35.5728560679956 -14.9401468941086))",5GQQ3H5F+W4WP
3041848,-14.94907009,35.58096124,33.3947,0.7861,"POLYGON((35.5809766791217 -14.9491038960829, 35.5809939717508 -14.9490512060862, 35.5809458188314 -14.9490362679328, 35.5809285261905 -14.9490889579272, 35.5809766791217 -14.9491038960829))",5GQQ3H2J+99G5
3052803,-14.94063213,35.57415032,49.4615,0.7426,"POLYGON((35.5741911285128 -14.9406532160116, 35.5741750504766 -14.9405941785562, 35.5741095151124 -14.9406110501716, 35.5741255931335 -14.9406700876338, 35.5741911285128 -14.9406532160116))",5GQQ3H5F+PMRQ
3058274,-14.95019041,35.57824429,39.3167,0.7953,"POLYGON((35.5782711669024 -14.9502217932624, 35.578267722468 -14.9501565269369, 35.5782174268371 -14.9501590359015, 35.5782208712565 -14.9502243022301, 35.5782711669024 -14.9502217932624))",5GQQ2HXH+W7H9
3075820,-14.94574068,35.57372666,28.924,0.7836,"POLYGON((35.5737585778913 -14.9457580958344, 35.5737550777229 -14.9457182582849, 35.5736947407114 -14.9457232693987, 35.573698240869 -14.9457631069508, 35.5737585778913 -14.9457580958344))",5GQQ3H3F+PF57
3078900,-14.94278577,35.5825538,12.5661,0.7027,"POLYGON((35.5825736984165 -14.942798854724, 35.5825733797482 -14.9427722156873, 35.5825338984789 -14.9427726621395, 35.5825342171424 -14.942799301177, 35.5825736984165 -14.942798854724))",5GQQ3H4M+V2MG
3081523,-14.9440085,35.58077894,46.4144,0.7098,"POLYGON((35.5807886353223 -14.9440517945679, 35.5808191478238 -14.9439876512695, 35.5807692491458 -14.9439652136024, 35.5807387366304 -14.944029356896, 35.5807886353223 -14.9440517945679))",5GQQ3H4J+98RQ
3097950,-14.9442942,35.57152684,38.1038,0.8014,"POLYGON((35.5715588316902 -14.9442700197356, 35.5715003650401 -14.9442643595015, 35.5714948326537 -14.9443183785164, 35.5715532993189 -14.9443240387496, 35.5715588316902 -14.9442700197356))",5GQQ3H4C+7JJ9
3109129,-14.94400273,35.58105789,37.8785,0.7072,"POLYGON((35.5810883159386 -14.9439768392846, 35.5810335282677 -14.9439713487983, 35.5810274573014 -14.9440286140865, 35.5810822449875 -14.9440341045718, 35.5810883159386 -14.9439768392846))",5GQQ3H4J+9CVX
3116922,-14.94970301,35.58184392,36.3218,0.7448,"POLYGON((35.5818740052878 -14.9497316884076, 35.5818556835166 -14.9496636714063, 35.5818138501509 -14.9496743229178, 35.5818321719102 -14.9497423399245, 35.5818740052878 -14.9497316884076))",5GQQ3H2J+4P9R
3124656,-14.94279266,35.58142942,18.6327,0.6421,"POLYGON((35.5814403131443 -14.9428207172562, 35.5814479356391 -14.9427686756578, 35.5814185607692 -14.9427646085122, 35.5814109382672 -14.9428166501106, 35.5814403131443 -14.9428207172562))",5GQQ3H4J+VHM8
3140810,-14.95168253,35.57944411,47.7403,0.8182,"POLYGON((35.5794772699511 -14.9517125748501, 35.5794749152593 -14.9516501909988, 35.5794109395176 -14.9516524734724, 35.5794132941919 -14.9517148573282, 35.5794772699511 -14.9517125748501))",5GQQ2HXH+8QGJ
3144532,-14.95005258,35.57833088,54.435,0.7613,"POLYGON((35.5783618214246 -14.9500898019942, 35.578360090342 -14.9500140661057, 35.5782999527897 -14.9500153653651, 35.5783016838513 -14.9500911012574, 35.5783618214246 -14.9500898019942))",5GQQ2HXH+X8GW
3167956,-14.94656727,35.57317242,29.0749,0.7534,"POLYGON((35.5731939037352 -14.9465947340636, 35.5732028914283 -14.9465495685735, 35.5731509482094 -14.9465397979519, 35.5731419605052 -14.9465849634418, 35.5731939037352 -14.9465947340636))",5GQQ3H3F+97F8
3169665,-14.93943245,35.57303653,31.8814,0.7721,"POLYGON((35.5730682970238 -14.9394524523646, 35.5730471579315 -14.9393971325496, 35.5730047680011 -14.9394124451492, 35.5730259070852 -14.9394677649696, 35.5730682970238 -14.9394524523646))",5GQQ3H6F+66FJ
3177472,-14.95155303,35.57901562,40.0772,0.7981,"POLYGON((35.5790459132309 -14.9515808311765, 35.5790407731198 -14.9515207408564, 35.5789853250973 -14.951525224018, 35.5789904651936 -14.9515853143418, 35.5790459132309 -14.9515808311765))",5GQQ2HXH+9JCV
3214850,-14.93916596,35.58118401,12.613,0.6201,"POLYGON((35.5812036880221 -14.9391781984876, 35.581194469276 -14.9391456429939, 35.5811643236638 -14.9391537126197, 35.5811735424061 -14.9391862681153, 35.5812036880221 -14.9391781984876))",5GQQ3H6J+8FM9
3238893,-14.94607535,35.57397629,20.3325,0.7293,"POLYGON((35.5739929926745 -14.9461052581684, 35.5739865802626 -14.9460428338089, 35.5739595841659 -14.9460454551375, 35.5739659965704 -14.946107879499, 35.5739929926745 -14.9461052581684))",5GQQ3H3F+HH9R
3244552,-14.94027273,35.57356241,46.9136,0.7098,"POLYGON((35.5735892147767 -14.9403078073935, 35.5735991697781 -14.9402475927658, 35.5735355954639 -14.9402376570587, 35.5735256404441 -14.9402978716876, 35.5735892147767 -14.9403078073935))",5GQQ3H5F+VCV5
3244809,-14.94349229,35.58148352,19.3034,0.7561,"POLYGON((35.5815054860619 -14.9435105202609, 35.5815042265423 -14.943472707435, 35.5814615381565 -14.9434740515551, 35.5814627976684 -14.9435118643824, 35.5815054860619 -14.9435105202609))",5GQQ3H4J+JH57
3283364,-14.94442155,35.57164937,58.834,0.8017,"POLYGON((35.5716882956005 -14.9444525915407, 35.5716829562774 -14.9443850754791, 35.5716104402669 -14.9443904963894, 35.5716157795679 -14.9444580124567, 35.5716882956005 -14.9444525915407))",5GQQ3H4C+6MJ5
3304843,-14.94404177,35.58153171,18.5659,0.6043,"POLYGON((35.5815474373964 -14.9440690648237, 35.5815433485346 -14.9440125896829, 35.5815159653372 -14.9440144637735, 35.5815200541927 -14.944070938916, 35.5815474373964 -14.9440690648237))",5GQQ3H4J+9JM6
3321031,-14.94428219,35.58134461,46.0642,0.8038,"POLYGON((35.5813837642167 -14.9442610617239, 35.5813289487366 -14.9442413980744, 35.5813054522093 -14.9443033141691, 35.5813602677039 -14.9443229778215, 35.5813837642167 -14.9442610617239))",5GQQ3H4J+7GQJ
3344064,-14.94461197,35.58121962,65.2272,0.7566,"POLYGON((35.5812728385965 -14.9446058613292, 35.5812246582942 -14.9445600955055, 35.5811663937712 -14.9446180773273, 35.5812145740815 -14.944663843164, 35.5812728385965 -14.9446058613292))",5GQQ3H4J+5F5C
3355956,-14.94288475,35.58256352,51.7785,0.8051,"POLYGON((35.5825948582956 -14.9429190958601, 35.5826000558102 -14.9428556460931, 35.5825321756579 -14.9428503898418, 35.5825269781229 -14.9429138396107, 35.5825948582956 -14.9429190958601))",5GQQ3H4M+R2WJ
3359759,-14.95049909,35.5644357,22.4343,0.7824,"POLYGON((35.5644625710869 -14.950513484981, 35.5644566660928 -14.9504719024925, 35.5644313126488 -14.9504753056429, 35.5644333859642 -14.9504899057768, 35.5644041587984 -14.950493828887, 35.5644079904688 -14.9505208112443, 35.5644625710869 -14.950513484981))",5GQQ2HX7+RQ35
3364279,-14.95104495,35.56530351,27.4167,0.679,"POLYGON((35.5653310138392 -14.9510656636735, 35.565318193613 -14.9510142854397, 35.5652760059127 -14.9510242357205, 35.5652888261302 -14.9510756139581, 35.5653310138392 -14.9510656636735))",5GQQ2HX8+H4M8
3379275,-14.94607126,35.5727761,62.0087,0.8255,"POLYGON((35.5728094088621 -14.946110785524, 35.5728068075705 -14.9460297807284, 35.5727427907563 -14.9460317239552, 35.5727453920241 -14.9461127287553, 35.5728094088621 -14.946110785524))",5GQQ3H3F+H4C5
3385015,-14.95253828,35.56488614,25.8552,0.8049,"POLYGON((35.5649166534976 -14.9525513967171, 35.564899594138 -14.9525086074541, 35.5648556183981 -14.9525251791897, 35.5648726777514 -14.9525679684571, 35.5649166534976 -14.9525513967171))",5GQQ2HW7+XXJF
3412153,-14.93889102,35.56501808,16.4079,0.7296,"POLYGON((35.5650360445366 -14.9389100663116, 35.5650381575441 -14.9388740787529, 35.5650001168583 -14.9388719673033, 35.5649980038443 -14.9389079548626, 35.5650360445366 -14.9389100663116))",5GQQ3H68+C2R8
3424875,-14.95152256,35.57981144,43.7272,0.8307,"POLYGON((35.5798473570698 -14.9515465216637, 35.5798403967099 -14.9514909123704, 35.5797755321752 -14.9514985863784, 35.5797824925185 -14.9515541956764, 35.5798473570698 -14.9515465216637))",5GQQ2HXH+9WV5
3429703,-14.94646128,35.57238842,39.6906,0.7664,"POLYGON((35.5724171185294 -14.9464927050701, 35.5724063992184 -14.9464230685224, 35.5723597326108 -14.9464298587988, 35.5723704519079 -14.9464994953514, 35.5724171185294 -14.9464927050701))",5GQQ3H3C+CX6F
3440937,-14.94437331,35.58092619,57.5982,0.7755,"POLYGON((35.5809755960375 -14.9443614412506, 35.5809287631879 -14.9443238964242, 35.5808767888969 -14.9443851807596, 35.5809236217546 -14.944422725596, 35.5809755960375 -14.9443614412506))",5GQQ3H4J+7934
3444519,-14.9382405,35.56523422,23.6101,0.6867,"POLYGON((35.565255401454 -14.9382641291771, 35.5652536695949 -14.9382155050339, 35.5652130734735 -14.9382168719108, 35.5652148053237 -14.9382654960557, 35.565255401454 -14.9382641291771))",5GQQ3H68+P357
3445977,-14.94557948,35.57317206,27.1991,0.7924,"POLYGON((35.5732007869918 -14.9455985153437, 35.5731839112696 -14.9455477065163, 35.5731433314078 -14.9455604470958, 35.5731602071225 -14.9456112559274, 35.5732007869918 -14.9455985153437))",5GQQ3H3F+Q77W
3469681,-14.94882266,35.58159327,27.0603,0.6923,"POLYGON((35.5816246414631 -14.9488095585319, 35.581579283566 -14.9487923953084, 35.5815619211906 -14.9488357669011, 35.5816072790966 -14.9488529301268, 35.5816246414631 -14.9488095585319))",5GQQ3H2J+FJG5
3482975,-14.94541998,35.57446388,19.8557,0.6969,"POLYGON((35.5744921125929 -14.9454111633509, 35.5744484372955 -14.9453953633357, 35.5744356441994 -14.9454287913171, 35.5744793195022 -14.9454445913335, 35.5744921125929 -14.9454111633509))",5GQQ3H3F+RQP9
3505260,-14.93791359,35.57911612,11.7267,0.6362,"POLYGON((35.5791319127652 -14.9379293947067, 35.5791292547944 -14.937895650849, 35.5791003346358 -14.937897804338, 35.5791029926018 -14.937931548197, 35.5791319127652 -14.9379293947067))",5GQQ3H6H+RJQG
3508484,-14.94593619,35.57420033,12.5791,0.6822,"POLYGON((35.5742165848574 -14.9459526567858, 35.5742199813837 -14.945923708375, 35.5741840738296 -14.9459197259231, 35.5741806772983 -14.945948674334, 35.5742165848574 -14.9459526567858))",5GQQ3H3F+JMGF
3510528,-14.94865415,35.58097641,23.5823,0.7487,"POLYGON((35.5810008969338 -14.9486728589173, 35.5809895543811 -14.9486227666293, 35.580965792002 -14.9486278525863, 35.5809529674549 -14.9486593050129, 35.5809581101396 -14.9486820167458, 35.5810008969338 -14.9486728589173))",5GQQ3H2J+G9QR
3520423,-14.94039445,35.57293743,40.8402,0.8107,"POLYGON((35.5729684961763 -14.9404226443684, 35.5729585364608 -14.9403585866801, 35.5729063608653 -14.9403662553404, 35.5729163205665 -14.9404303130333, 35.5729684961763 -14.9404226443684))",5GQQ3H5F+R5V9
3522685,-14.95246655,35.565613,57.5703,0.8032,"POLYGON((35.5655736 -14.9524369, 35.5655799 -14.9525028, 35.5656524 -14.9524962, 35.5656461 -14.9524303, 35.5655736 -14.9524369))",5GQQ2HX8+2698
3548640,-14.94968386,35.57839582,11.7198,0.6995,"POLYGON((35.578415944368 -14.949693612389, 35.5784071924052 -14.9496650068439, 35.5783756834692 -14.9496741191355, 35.5783844354286 -14.9497027246824, 35.578415944368 -14.949693612389))",5GQQ3H2H+49CP
3554359,-14.95178334,35.57936319,47.2354,0.7846,"POLYGON((35.5793940211402 -14.9518195153831, 35.5793804450532 -14.9517394482146, 35.5793323659975 -14.9517471538038, 35.579345942068 -14.9518272209777, 35.5793940211402 -14.9518195153831))",5GQQ2HXH+7PQP
3558989,-14.9372109,35.57794648,87.9523,0.7974,"POLYGON((35.5779896730033 -14.9372542572196, 35.5779821973216 -14.9371615288987, 35.5779032873477 -14.9371675428371, 35.5779107629964 -14.9372602711659, 35.5779896730033 -14.9372542572196))",5GQQ3H7H+458F
3563242,-14.93802515,35.57874198,17.8287,0.7229,"POLYGON((35.5787609114865 -14.9380449722987, 35.578759744655 -14.9380043096964, 35.5787230716299 -14.9380053045168, 35.5787242384545 -14.9380459671204, 35.5787609114865 -14.9380449722987))",5GQQ3H6H+QFQW
3598057,-14.95098317,35.57979577,32.3996,0.8217,"POLYGON((35.5798221490718 -14.9510089523625, 35.5798201370069 -14.9509555803984, 35.5797693878019 -14.9509573887792, 35.5797713998544 -14.9510107607458, 35.5798221490718 -14.9510089523625))",5GQQ2HXH+JW3M
3604954,-14.94633051,35.5724255,15.2253,0.601,"POLYGON((35.5724453055683 -14.9463462924755, 35.5724424974465 -14.9463118749233, 35.5724056982549 -14.9463147130136, 35.572408506371 -14.9463491305673, 35.5724453055683 -14.9463462924755))",5GQQ3H3C+FX7P
3616537,-14.95473167,35.57952402,23.5728,0.6725,"POLYGON((35.5795459668651 -14.9547572270923, 35.5795357936593 -14.9547004146669, 35.5795020808949 -14.9547061206001, 35.5795122540927 -14.9547629330284, 35.5795459668651 -14.9547572270923))",5GQQ2HWH+4R2Q
3618286,-14.94079794,35.5734839,25.3372,0.7325,"POLYGON((35.5735097320529 -14.9408180286417, 35.5735022834384 -14.9407711962577, 35.5734580536986 -14.9407778462088, 35.5734655023042 -14.9408246785958, 35.5735097320529 -14.9408180286417))",5GQQ3H5F+M9Q3
3628636,-14.95017518,35.57997791,32.6644,0.7797,"POLYGON((35.5799984835367 -14.9502059681562, 35.5800056635384 -14.9501502733206, 35.579957327096 -14.9501443832365, 35.5799501470814 -14.9502000780724, 35.5799984835367 -14.9502059681562))",5GQQ2HXH+WXHV
3651392,-14.94968975,35.58001636,41.2856,0.7531,"POLYGON((35.5800427317648 -14.9497218204048, 35.5800470546314 -14.9496615542115, 35.5799899856226 -14.9496576848609, 35.5799856627399 -14.9497179510557, 35.5800427317648 -14.9497218204048))",5GQQ3H2J+42CG
3668501,-14.95116163,35.57936311,35.7291,0.8154,"POLYGON((35.579383423994 -14.9511942937786, 35.5793953058559 -14.9511397958082, 35.5793427839548 -14.9511289720622, 35.5793309020793 -14.9511834700318, 35.579383423994 -14.9511942937786))",5GQQ2HXH+GPQG
3688694,-14.93733599,35.57424535,14.0636,0.6497,"POLYGON((35.5742656859558 -14.9373500719431, 35.5742642559022 -14.9373201367894, 35.5742250153112 -14.9373219089162, 35.5742264453594 -14.9373518440708, 35.5742656859558 -14.9373500719431))",5GQQ3H7F+3M9H
3689301,-14.95479006,35.57833665,48.5373,0.7957,"POLYGON((35.5783820701848 -14.9547961555244, 35.5783478409721 -14.9547468261435, 35.5782912336895 -14.954783952409, 35.5783254628977 -14.9548332817989, 35.5783820701848 -14.9547961555244))",5GQQ2HWH+38P9
3694173,-14.95000018,35.57872196,33.7023,0.8229,"POLYGON((35.5787546698161 -14.9499806281612, 35.5786963765131 -14.9499723456532, 35.5786892536863 -14.9500197312427, 35.5787475470024 -14.9500280137505, 35.5787546698161 -14.9499806281612))",5GQQ2HXH+XFXR
3736157,-14.93899692,35.58107907,17.8445,0.7181,"POLYGON((35.5810979979203 -14.9390182632649, 35.5810914421943 -14.9389714180156, 35.5810601358283 -14.9389755596347, 35.5810666915479 -14.939022404886, 35.5810979979203 -14.9390182632649))",5GQQ3H6J+CC44
3742872,-14.94113765,35.56784618,14.6112,0.6294,"POLYGON((35.5678650799993 -14.9411542783444, 35.5678674577262 -14.9411240049411, 35.5678272910628 -14.9411210227132, 35.5678249133302 -14.9411512961174, 35.5678650799993 -14.9411542783444))",5GQQ3H59+G4XC
3755043,-14.9374129,35.56502999,16.443,0.744,"POLYGON((35.5650463436064 -14.9374333078528, 35.5650507617259 -14.9373967314205, 35.565013643328 -14.9373924928957, 35.565009225202 -14.9374290693283, 35.5650463436064 -14.9374333078528))",5GQQ3H78+22JH
3760268,-14.93788681,35.5652787,43.4449,0.8226,"POLYGON((35.5653186174337 -14.9379038126049, 35.5652889833273 -14.9378456365339, 35.5652387857886 -14.9378698087699, 35.5652684198869 -14.9379279848489, 35.5653186174337 -14.9379038126049))",5GQQ3H68+R4RH
3771454,-14.95264915,35.58007685,55.578,0.7975,"POLYGON((35.5801246906985 -14.95263869219, 35.5800706411659 -14.9526018720912, 35.5800290313378 -14.9526596057962, 35.5800830808805 -14.952696425903, 35.5801246906985 -14.95263869219))",5GQQ2HWJ+W2W3
3779156,-14.94071434,35.57400489,44.4505,0.8278,"POLYGON((35.5740405432722 -14.9407391276557, 35.5740334248141 -14.9406819920151, 35.5739692436328 -14.9406895509647, 35.5739763620747 -14.9407466866099, 35.5740405432722 -14.9407391276557))",5GQQ3H5F+PJ6C
3805120,-14.95090555,35.57937628,54.7698,0.7494,"POLYGON((35.5793986228794 -14.950948618868, 35.5794123087738 -14.9508724024304, 35.5793539321127 -14.9508624941578, 35.579340246197 -14.9509387105952, 35.5793986228794 -14.950948618868))",5GQQ2HXH+JQJJ
3805441,-14.9375455,35.5743938,16.4825,0.7066,"POLYGON((35.5744189965062 -14.9375367879918, 35.5743817691312 -14.9375222809565, 35.5743686062412 -14.9375542127555, 35.5744058336216 -14.9375687197921, 35.5744189965062 -14.9375367879918))",5GQQ3H6F+XQJ4
3817425,-14.94146876,35.5673974,29.6118,0.6417,"POLYGON((35.5674219846823 -14.9414435811511, 35.5673724529085 -14.9414439118371, 35.5673728063198 -14.9414939529417, 35.5674223381051 -14.9414936222549, 35.5674219846823 -14.9414435811511))",5GQQ3H58+CX68
3835847,-14.95245518,35.56580033,28.1679,0.7142,"POLYGON((35.5658241283198 -14.9524803382981, 35.5658211556634 -14.9524276400421, 35.5657765445475 -14.9524300186234, 35.5657795171933 -14.9524827168817, 35.5658241283198 -14.9524803382981))",5GQQ2HX8+287P
3837410,-14.9381198,35.57904996,28.4756,0.8006,"POLYGON((35.5790738413808 -14.9381448949888, 35.5790725239666 -14.9380935920567, 35.5790260917704 -14.9380947192107, 35.5790274091737 -14.9381460221451, 35.5790738413808 -14.9381448949888))",5GQQ3H6H+QJ38
3877880,-14.94688643,35.57276543,23.907,0.6467,"POLYGON((35.5727960722232 -14.9468764996272, 35.5727503182991 -14.9468586691839, 35.572734781877 -14.9468963540799, 35.5727805358088 -14.9469141845253, 35.5727960722232 -14.9468764996272))",5GQQ3H3F+64RF
3901823,-14.93751717,35.56488589,11.8925,0.6797,"POLYGON((35.564903156382 -14.9375314182747, 35.5649012638333 -14.9375010349349, 35.5648686195146 -14.9375029571729, 35.5648705120588 -14.9375333405137, 35.564903156382 -14.9375314182747))",5GQQ3H67+XXR7
3914318,-14.94379023,35.58058322,39.855,0.782,"POLYGON((35.5806013188814 -14.9438270711015, 35.5806158819021 -14.9437645624376, 35.5805651147258 -14.9437533820351, 35.5805505516898 -14.9438158906981, 35.5806013188814 -14.9438270711015))",5GQQ3H4J+F6P8
3925251,-14.95238613,35.57895314,39.8952,0.6371,"POLYGON((35.5789728553822 -14.9524201964013, 35.5789948482852 -14.952360941515, 35.5789682574344 -14.9523516128736, 35.5789593458998 -14.9523756229758, 35.578920210815 -14.952361893541, 35.5789071294331 -14.9523971383221, 35.5789728553822 -14.9524201964013))",5GQQ2HXH+2HWG
3935137,-14.94936591,35.57970053,18.5387,0.6754,"POLYGON((35.5797148799386 -14.9493902354203, 35.5797205138394 -14.9493457005569, 35.5796861863654 -14.9493415957636, 35.579680552457 -14.9493861306268, 35.5797148799386 -14.9493902354203))",5GQQ3H2H+7V47
3946162,-14.94656281,35.57287212,16.7727,0.6428,"POLYGON((35.5728947065825 -14.9465770339348, 35.5728880920113 -14.9465417816176, 35.5728495464391 -14.946548618212, 35.5728561610044 -14.9465838705312, 35.5728947065825 -14.9465770339348))",5GQQ3H3F+94HH
3987764,-14.94971092,35.58181287,17.6246,0.6093,"POLYGON((35.5818138501509 -14.9496743229178, 35.5817935511881 -14.9496794913881, 35.581811872942 -14.9497475083973, 35.5818321719102 -14.9497423399245, 35.5818138501509 -14.9496743229178))",5GQQ3H2J+4P8C
3994413,-14.93768921,35.57816709,42.0144,0.8209,"POLYGON((35.5782020028413 -14.9377128900229, 35.578189191376 -14.9376538290374, 35.5781321808242 -14.937665519749, 35.5781449922756 -14.93772458074, 35.5782020028413 -14.9377128900229))",5GQQ3H6H+W7FF
4039855,-14.93752685,35.56481675,52.8236,0.8334,"POLYGON((35.5648513 -14.9375589, 35.5648473 -14.9374912, 35.5647822 -14.9374948, 35.5647862 -14.9375625, 35.5648513 -14.9375589))",5GQQ3H67+XWPR
4064674,-14.95457358,35.57760534,48.3545,0.7704,"POLYGON((35.5776292945964 -14.9546124347471, 35.577636890233 -14.9545402589613, 35.5775813873809 -14.9545347380938, 35.5775737917253 -14.9546069138806, 35.5776292945964 -14.9546124347471))",5GQQ2HWH+52H3
4069723,-14.94413829,35.58098192,48.0856,0.8433,"POLYGON((35.5810235738033 -14.944120007002, 35.580968929142 -14.9440956821454, 35.5809402524501 -14.9441565780185, 35.5809948971258 -14.94418090288, 35.5810235738033 -14.944120007002))",5GQQ3H4J+89XF
4085634,-14.94967375,35.57968206,36.0707,0.7371,"POLYGON((35.5797110886974 -14.9497012442902, 35.5796993168624 -14.9496380959732, 35.579653021317 -14.9496462535296, 35.5796647931398 -14.949709401851, 35.5797110886974 -14.9497012442902))",5GQQ3H2H+4VM5
4089243,-14.95158952,35.57988232,18.4161,0.6787,"POLYGON((35.5798988690171 -14.9516117256112, 35.5799035994131 -14.9515715283874, 35.5798657429411 -14.9515673175073, 35.5798610125379 -14.9516075147311, 35.5798988690171 -14.9516117256112))",5GQQ2HXH+9X6C
4105221,-14.95355347,35.5651554,27.0714,0.7314,"POLYGON((35.565182079398 -14.9535743501937, 35.5651797887889 -14.9535300896154, 35.565128716443 -14.9535325878975, 35.5651310070418 -14.9535768484779, 35.565182079398 -14.9535743501937))",5GQQ2HW8+H3CX
4107070,-14.95139813,35.56458765,82.3518,0.8611,"POLYGON((35.5646316322546 -14.9514371609981, 35.5646285652495 -14.9513560703104, 35.56454366647 -14.9513591054179, 35.5645467334436 -14.9514401961118, 35.5646316322546 -14.9514371609981))",5GQQ2HX7+CRW5
4127230,-14.93877922,35.56466336,18.0141,0.6364,"POLYGON((35.5646881112185 -14.9387917184396, 35.5646780479537 -14.9387561697945, 35.5646386170493 -14.9387667218204, 35.5646486803086 -14.9388022704683, 35.5646881112185 -14.9387917184396))",5GQQ3H67+FVMR
4135569,-14.94459836,35.57288488,60.2959,0.79,"POLYGON((35.5729230581168 -14.9446356632819, 35.5729011773862 -14.9445481762808, 35.5728467060471 -14.9445610541988, 35.5728685867587 -14.9446485412083, 35.5729230581168 -14.9446356632819))",5GQQ3H4F+5563
4142618,-14.94630437,35.57232803,33.9479,0.6443,"POLYGON((35.5723562938103 -14.946333143923, 35.5723400558396 -14.9462663418396, 35.5722997659109 -14.9462755992738, 35.5723160038708 -14.9463424013618, 35.5723562938103 -14.946333143923))",5GQQ3H3C+FWGV
4151089,-14.94077499,35.57357223,47.8282,0.8118,"POLYGON((35.5736092546681 -14.9408005684989, 35.5736005891362 -14.9407405077269, 35.5735352166532 -14.9407494238084, 35.5735438821679 -14.9408094845856, 35.5736092546681 -14.9408005684989))",5GQQ3H5F+MCW3
4160120,-14.95247963,35.56465299,30.8607,0.7942,"POLYGON((35.5646841830577 -14.9524982785942, 35.5646677891437 -14.9524470695878, 35.5646217961315 -14.9524609868972, 35.5646381900367 -14.9525121959085, 35.5646841830577 -14.9524982785942))",5GQQ2HX7+2V2X
4169645,-14.95446809,35.57947561,36.0099,0.7004,"POLYGON((35.5795093119335 -14.9544882360378, 35.5795007718381 -14.9544384107989, 35.5794419050783 -14.9544479475888, 35.5794504451612 -14.954497772832, 35.5795093119335 -14.9544882360378))",5GQQ2HWH+6Q96
4185950,-14.94283543,35.58250618,16.7188,0.6668,"POLYGON((35.5825321756579 -14.9428503898418, 35.5825342815442 -14.9428246818854, 35.5824801861884 -14.9428204930345, 35.5824780802955 -14.942846200991, 35.5825321756579 -14.9428503898418))",5GQQ3H4M+V26C
4212912,-14.94975832,35.5795898,22.0686,0.6835,"POLYGON((35.5796099559943 -14.9497861699768, 35.5795992073294 -14.9497255044776, 35.5795696328592 -14.9497304574737, 35.5795803815176 -14.9497911229754, 35.5796099559943 -14.9497861699768))",5GQQ3H2H+3RWQ
4214462,-14.94124905,35.5681304,24.6134,0.7382,"POLYGON((35.5681623869735 -14.9412398289771, 35.5681115745771 -14.9412222630007, 35.5680984103399 -14.9412582599964, 35.5681492227447 -14.9412758259745, 35.5681623869735 -14.9412398289771))",5GQQ3H59+G722
4224327,-14.93718447,35.56450933,16.6405,0.71,"POLYGON((35.5645263977775 -14.9372045586491, 35.5645312123099 -14.9371694300226, 35.5644922523764 -14.9371643822315, 35.5644874378378 -14.9371995108578, 35.5645263977775 -14.9372045586491))",5GQQ3H77+4RCM
4249479,-14.94160109,35.58091266,28.4922,0.8093,"POLYGON((35.5809320801236 -14.9416301075512, 35.5809366085741 -14.9415754670946, 35.5808932407969 -14.9415720694732, 35.5808887123352 -14.9416267099307, 35.5809320801236 -14.9416301075512))",5GQQ3H5J+993R
4262971,-14.95392673,35.57760925,28.772,0.7146,"POLYGON((35.5776299471819 -14.9539563864559, 35.5776285517542 -14.9538961869554, 35.5775885621082 -14.9538970631109, 35.5775899575248 -14.9539572626134, 35.5776299471819 -14.9539563864559))",5GQQ2HWH+C2HV
4263267,-14.94046696,35.57293143,19.9364,0.7369,"POLYGON((35.5729596955784 -14.9404804961146, 35.5729576575254 -14.940450002436, 35.5729031608024 -14.9404534455521, 35.572905198848 -14.9404839392324, 35.5729596955784 -14.9404804961146))",5GQQ3H5F+R579
4264245,-14.94548356,35.57199383,47.7118,0.8057,"POLYGON((35.5720262519479 -14.9455143548942, 35.5720248829939 -14.9454514664935, 35.5719614032136 -14.9454527726833, 35.5719627721491 -14.9455156610872, 35.5720262519479 -14.9455143548942))",5GQQ3H3C+RQ5Q
4270380,-14.95220121,35.57894852,23.2506,0.6906,"POLYGON((35.5789802368956 -14.9522064002893, 35.5789616991826 -14.9521726808663, 35.5789168030388 -14.9521960107943, 35.578935340748 -14.9522297302217, 35.5789802368956 -14.9522064002893))",5GQQ2HXH+4H8V
4275740,-14.94580987,35.57368764,9.0803,0.6232,"POLYGON((35.5737021596381 -14.9458233272142, 35.5736976191882 -14.9457929450129, 35.5736731182381 -14.9457964061358, 35.5736776586852 -14.945826788338, 35.5737021596381 -14.9458233272142))",5GQQ3H3F+MFGJ
4293151,-14.94694208,35.57264193,11.688,0.6032,"POLYGON((35.5726553599016 -14.946959701115, 35.5726617756519 -14.9469316922139, 35.5726284944393 -14.9469244861072, 35.5726220786845 -14.9469524950081, 35.5726553599016 -14.946959701115))",5GQQ3H3F+63C8
4294420,-14.93836489,35.57868712,42.982,0.6915,"POLYGON((35.5787173255147 -14.9383345306694, 35.5786624973306 -14.9383300818104, 35.5786569037711 -14.9383952488635, 35.578711731972 -14.9383996977223, 35.5787173255147 -14.9383345306694))",5GQQ3H6H+MF3H
4324722,-14.94222188,35.58011551,24.4898,0.7734,"POLYGON((35.5801323706969 -14.9422492976719, 35.5801394172835 -14.9421999660368, 35.5800986482331 -14.9421944610844, 35.5800916016369 -14.9422437927198, 35.5801323706969 -14.9422492976719))",5GQQ3H5J+4294
4330940,-14.95464271,35.57787825,17.1269,0.7194,"POLYGON((35.577897444616 -14.9546615882755, 35.5778946317963 -14.954621481439, 35.5778590491905 -14.9546238401734, 35.577861862004 -14.9546639470115, 35.577897444616 -14.9546615882755))",5GQQ2HWH+45R6
4353718,-14.95473127,35.57913964,55.6937,0.848,"POLYGON((35.5791759140925 -14.9547634983714, 35.5791683055043 -14.9546924615776, 35.579103377489 -14.954699034677, 35.5791109860567 -14.9547700714763, 35.5791759140925 -14.9547634983714))",5GQQ2HWH+4M2M
4358859,-14.94207687,35.58088134,11.1826,0.6325,"POLYGON((35.5808963305433 -14.9420928699557, 35.58089380881 -14.9420589413325, 35.5808663625739 -14.9420608696794, 35.580868884303 -14.9420947983036, 35.5808963305433 -14.9420928699557))",5GQQ3H5J+596R
4400452,-14.95243804,35.57890684,12.6634,0.6312,"POLYGON((35.5789240856165 -14.9524535501144, 35.5789198732325 -14.952419025006, 35.5788895947311 -14.9524225168468, 35.5788938071104 -14.9524570419566, 35.5789240856165 -14.9524535501144))",5GQQ2HXH+2HFC
4404092,-14.94940937,35.58017694,46.0101,0.7881,"POLYGON((35.5802135601249 -14.9494345836172, 35.5801958332786 -14.9493698009632, 35.5801403096551 -14.9493841621451, 35.580158036488 -14.9494489448056, 35.5802135601249 -14.9494345836172))",5GQQ3H2J+63MP
4424646,-14.93935444,35.57315331,17.5234,0.704,"POLYGON((35.5731759278765 -14.9393697768011, 35.5731719054459 -14.9393346270354, 35.5731306848188 -14.9393390862808, 35.573134707243 -14.9393742360483, 35.5731759278765 -14.9393697768011))",5GQQ3H6F+772X
4442114,-14.94628421,35.57431048,37.9065,0.7515,"POLYGON((35.574333253526 -14.9463166519849, 35.5743433901477 -14.9462614252512, 35.5742877067515 -14.9462517642387, 35.5742775701152 -14.9463069909721, 35.574333253526 -14.9463166519849))",5GQQ3H3F+FPMQ
4457077,-14.93700389,35.57082306,31.065,0.772,"POLYGON((35.5708591859441 -14.9369980313248, 35.5708198755182 -14.9369684119258, 35.5707869350324 -14.9370097406611, 35.5708262454638 -14.9370393600659, 35.5708591859441 -14.9369980313248))",5GQQ3H7C+58WV
4530339,-14.95138617,35.57978918,18.8733,0.6726,"POLYGON((35.5798080049208 -14.9514072054325, 35.5798074966323 -14.9513646951568, 35.5797703362309 -14.9513651151331, 35.5797708445121 -14.9514076254101, 35.5798080049208 -14.9514072054325))",5GQQ2HXH+CWVF
4566317,-14.95313467,35.56589383,25.9431,0.7711,"POLYGON((35.5659223361143 -14.9531516792028, 35.5659096919285 -14.953106044069, 35.5658653218381 -14.953117664073, 35.565877966016 -14.9531632992104, 35.5659223361143 -14.9531516792028))",5GQQ2HW8+P9RP
4576398,-14.93693508,35.5796885,53.6103,0.76,"POLYGON((35.5797253818302 -14.9369680837593, 35.5797198799888 -14.9369011404109, 35.5796471194989 -14.9369067935046, 35.5796509637929 -14.9369535689375, 35.5796713823315 -14.9369519825295, 35.5796730398587 -14.9369721504503, 35.5797253818302 -14.9369680837593))",5GQQ3H7H+6VGC
4579916,-14.93745759,35.57470889,20.9699,0.7131,"POLYGON((35.5747346195528 -14.9374727664511, 35.5747221898366 -14.9374313422135, 35.5746831395645 -14.9374424191444, 35.5746955692742 -14.937483843385, 35.5747346195528 -14.9374727664511))",5GQQ3H7F+2V8P
4587574,-14.94047735,35.57328534,50.9446,0.6831,"POLYGON((35.573324 -14.9405039, 35.5733043 -14.9404352, 35.5732467 -14.9404508, 35.5732664 -14.9405195, 35.573324 -14.9405039))",5GQQ3H5F+R83R
4588239,-14.93832419,35.56494029,79.9737,0.6747,"POLYGON((35.5649771937775 -14.9383680659372, 35.564972199474 -14.9382657807096, 35.5649338272305 -14.9382675518922, 35.5649351680978 -14.9382950134792, 35.5648983567728 -14.938296712608, 35.5649020101789 -14.9383715362556, 35.5649771937775 -14.9383680659372))",5GQQ3H67+MXG2
4605902,-14.94923976,35.580678,37.7807,0.7781,"POLYGON((35.5807166339332 -14.9492511068157, 35.5806916953373 -14.9492028505086, 35.580639367022 -14.9492284125254, 35.580664305611 -14.9492766688395, 35.5807166339332 -14.9492511068157))",5GQQ3H2J+873G
